M,N,K,bias,dtype,outdtype,scaleAB,bpreshuffle
5,37888,5120,False,torch.bfloat16,torch.bfloat16,False,False
6,37888,5120,False,torch.bfloat16,torch.bfloat16,False,False
7,37888,5120,False,torch.bfloat16,torch.bfloat16,False,False
8,16,2048,False,torch.bfloat16,torch.bfloat16,False,False
8,37888,5120,False,torch.bfloat16,torch.bfloat16,False,False
9,37888,5120,False,torch.bfloat16,torch.bfloat16,False,False
10,37888,5120,False,torch.bfloat16,torch.bfloat16,False,False
11,37888,5120,False,torch.bfloat16,torch.bfloat16,False,False
12,37888,5120,False,torch.bfloat16,torch.bfloat16,False,False
13,37888,5120,False,torch.bfloat16,torch.bfloat16,False,False
14,37888,5120,False,torch.bfloat16,torch.bfloat16,False,False
15,37888,5120,False,torch.bfloat16,torch.bfloat16,False,False
16,37888,5120,False,torch.bfloat16,torch.bfloat16,False,False
17,37888,5120,False,torch.bfloat16,torch.bfloat16,False,False
18,37888,5120,False,torch.bfloat16,torch.bfloat16,False,False
19,37888,5120,False,torch.bfloat16,torch.bfloat16,False,False
20,37888,5120,False,torch.bfloat16,torch.bfloat16,False,False
21,37888,5120,False,torch.bfloat16,torch.bfloat16,False,False
22,37888,5120,False,torch.bfloat16,torch.bfloat16,False,False
23,37888,5120,False,torch.bfloat16,torch.bfloat16,False,False
24,37888,5120,False,torch.bfloat16,torch.bfloat16,False,False
25,37888,5120,False,torch.bfloat16,torch.bfloat16,False,False
26,37888,5120,False,torch.bfloat16,torch.bfloat16,False,False
27,37888,5120,False,torch.bfloat16,torch.bfloat16,False,False
28,37888,5120,False,torch.bfloat16,torch.bfloat16,False,False
29,37888,5120,False,torch.bfloat16,torch.bfloat16,False,False
30,37888,5120,False,torch.bfloat16,torch.bfloat16,False,False
31,37888,5120,False,torch.bfloat16,torch.bfloat16,False,False
32,37888,5120,False,torch.bfloat16,torch.bfloat16,False,False
33,37888,5120,False,torch.bfloat16,torch.bfloat16,False,False
34,37888,5120,False,torch.bfloat16,torch.bfloat16,False,False
35,37888,5120,False,torch.bfloat16,torch.bfloat16,False,False
36,37888,5120,False,torch.bfloat16,torch.bfloat16,False,False
37,37888,5120,False,torch.bfloat16,torch.bfloat16,False,False
38,37888,5120,False,torch.bfloat16,torch.bfloat16,False,False
39,37888,5120,False,torch.bfloat16,torch.bfloat16,False,False
40,37888,5120,False,torch.bfloat16,torch.bfloat16,False,False
41,37888,5120,False,torch.bfloat16,torch.bfloat16,False,False
42,37888,5120,False,torch.bfloat16,torch.bfloat16,False,False
43,37888,5120,False,torch.bfloat16,torch.bfloat16,False,False
44,37888,5120,False,torch.bfloat16,torch.bfloat16,False,False
45,37888,5120,False,torch.bfloat16,torch.bfloat16,False,False
46,37888,5120,False,torch.bfloat16,torch.bfloat16,False,False
47,37888,5120,False,torch.bfloat16,torch.bfloat16,False,False
48,37888,5120,False,torch.bfloat16,torch.bfloat16,False,False
49,37888,5120,False,torch.bfloat16,torch.bfloat16,False,False
50,37888,5120,False,torch.bfloat16,torch.bfloat16,False,False
51,37888,5120,False,torch.bfloat16,torch.bfloat16,False,False
52,37888,5120,False,torch.bfloat16,torch.bfloat16,False,False
53,37888,5120,False,torch.bfloat16,torch.bfloat16,False,False
54,37888,5120,False,torch.bfloat16,torch.bfloat16,False,False
55,37888,5120,False,torch.bfloat16,torch.bfloat16,False,False
56,37888,5120,False,torch.bfloat16,torch.bfloat16,False,False
57,37888,5120,False,torch.bfloat16,torch.bfloat16,False,False
58,37888,5120,False,torch.bfloat16,torch.bfloat16,False,False
59,37888,5120,False,torch.bfloat16,torch.bfloat16,False,False
60,37888,5120,False,torch.bfloat16,torch.bfloat16,False,False
61,37888,5120,False,torch.bfloat16,torch.bfloat16,False,False
62,37888,5120,False,torch.bfloat16,torch.bfloat16,False,False
63,37888,5120,False,torch.bfloat16,torch.bfloat16,False,False
64,37888,5120,False,torch.bfloat16,torch.bfloat16,False,False
65,37888,5120,False,torch.bfloat16,torch.bfloat16,False,False
66,37888,5120,False,torch.bfloat16,torch.bfloat16,False,False
67,37888,5120,False,torch.bfloat16,torch.bfloat16,False,False
68,37888,5120,False,torch.bfloat16,torch.bfloat16,False,False
69,37888,5120,False,torch.bfloat16,torch.bfloat16,False,False
70,37888,5120,False,torch.bfloat16,torch.bfloat16,False,False
71,37888,5120,False,torch.bfloat16,torch.bfloat16,False,False
72,37888,5120,False,torch.bfloat16,torch.bfloat16,False,False
73,37888,5120,False,torch.bfloat16,torch.bfloat16,False,False
74,37888,5120,False,torch.bfloat16,torch.bfloat16,False,False
75,37888,5120,False,torch.bfloat16,torch.bfloat16,False,False
76,37888,5120,False,torch.bfloat16,torch.bfloat16,False,False
77,37888,5120,False,torch.bfloat16,torch.bfloat16,False,False
78,37888,5120,False,torch.bfloat16,torch.bfloat16,False,False
79,37888,5120,False,torch.bfloat16,torch.bfloat16,False,False
80,37888,5120,False,torch.bfloat16,torch.bfloat16,False,False
81,37888,5120,False,torch.bfloat16,torch.bfloat16,False,False
82,37888,5120,False,torch.bfloat16,torch.bfloat16,False,False
83,37888,5120,False,torch.bfloat16,torch.bfloat16,False,False
84,37888,5120,False,torch.bfloat16,torch.bfloat16,False,False
85,37888,5120,False,torch.bfloat16,torch.bfloat16,False,False
86,37888,5120,False,torch.bfloat16,torch.bfloat16,False,False
87,37888,5120,False,torch.bfloat16,torch.bfloat16,False,False
88,37888,5120,False,torch.bfloat16,torch.bfloat16,False,False
89,37888,5120,False,torch.bfloat16,torch.bfloat16,False,False
90,37888,5120,False,torch.bfloat16,torch.bfloat16,False,False
91,37888,5120,False,torch.bfloat16,torch.bfloat16,False,False
92,37888,5120,False,torch.bfloat16,torch.bfloat16,False,False
93,37888,5120,False,torch.bfloat16,torch.bfloat16,False,False
94,37888,5120,False,torch.bfloat16,torch.bfloat16,False,False
95,37888,5120,False,torch.bfloat16,torch.bfloat16,False,False
96,37888,5120,False,torch.bfloat16,torch.bfloat16,False,False
97,37888,5120,False,torch.bfloat16,torch.bfloat16,False,False
98,37888,5120,False,torch.bfloat16,torch.bfloat16,False,False
99,37888,5120,False,torch.bfloat16,torch.bfloat16,False,False
100,37888,5120,False,torch.bfloat16,torch.bfloat16,False,False
101,37888,5120,False,torch.bfloat16,torch.bfloat16,False,False
102,37888,5120,False,torch.bfloat16,torch.bfloat16,False,False
103,37888,5120,False,torch.bfloat16,torch.bfloat16,False,False
104,37888,5120,False,torch.bfloat16,torch.bfloat16,False,False
105,37888,5120,False,torch.bfloat16,torch.bfloat16,False,False
106,37888,5120,False,torch.bfloat16,torch.bfloat16,False,False
107,37888,5120,False,torch.bfloat16,torch.bfloat16,False,False
108,37888,5120,False,torch.bfloat16,torch.bfloat16,False,False
109,37888,5120,False,torch.bfloat16,torch.bfloat16,False,False
110,37888,5120,False,torch.bfloat16,torch.bfloat16,False,False
111,37888,5120,False,torch.bfloat16,torch.bfloat16,False,False
112,37888,5120,False,torch.bfloat16,torch.bfloat16,False,False
113,37888,5120,False,torch.bfloat16,torch.bfloat16,False,False
114,37888,5120,False,torch.bfloat16,torch.bfloat16,False,False
115,37888,5120,False,torch.bfloat16,torch.bfloat16,False,False
116,37888,5120,False,torch.bfloat16,torch.bfloat16,False,False
117,37888,5120,False,torch.bfloat16,torch.bfloat16,False,False
118,37888,5120,False,torch.bfloat16,torch.bfloat16,False,False
119,37888,5120,False,torch.bfloat16,torch.bfloat16,False,False
120,37888,5120,False,torch.bfloat16,torch.bfloat16,False,False
121,37888,5120,False,torch.bfloat16,torch.bfloat16,False,False
122,37888,5120,False,torch.bfloat16,torch.bfloat16,False,False
123,37888,5120,False,torch.bfloat16,torch.bfloat16,False,False
124,37888,5120,False,torch.bfloat16,torch.bfloat16,False,False
125,37888,5120,False,torch.bfloat16,torch.bfloat16,False,False
126,37888,5120,False,torch.bfloat16,torch.bfloat16,False,False
127,37888,5120,False,torch.bfloat16,torch.bfloat16,False,False
128,37888,5120,False,torch.bfloat16,torch.bfloat16,False,False
129,37888,5120,False,torch.bfloat16,torch.bfloat16,False,False
130,37888,5120,False,torch.bfloat16,torch.bfloat16,False,False
131,37888,5120,False,torch.bfloat16,torch.bfloat16,False,False
132,37888,5120,False,torch.bfloat16,torch.bfloat16,False,False
133,37888,5120,False,torch.bfloat16,torch.bfloat16,False,False
134,37888,5120,False,torch.bfloat16,torch.bfloat16,False,False
135,37888,5120,False,torch.bfloat16,torch.bfloat16,False,False
136,16,2048,False,torch.bfloat16,torch.bfloat16,False,False
136,37888,5120,False,torch.bfloat16,torch.bfloat16,False,False
137,37888,5120,False,torch.bfloat16,torch.bfloat16,False,False
138,37888,5120,False,torch.bfloat16,torch.bfloat16,False,False
139,37888,5120,False,torch.bfloat16,torch.bfloat16,False,False
140,37888,5120,False,torch.bfloat16,torch.bfloat16,False,False
141,37888,5120,False,torch.bfloat16,torch.bfloat16,False,False
142,37888,5120,False,torch.bfloat16,torch.bfloat16,False,False
143,37888,5120,False,torch.bfloat16,torch.bfloat16,False,False
144,16,2048,False,torch.bfloat16,torch.bfloat16,False,False
144,37888,5120,False,torch.bfloat16,torch.bfloat16,False,False
145,37888,5120,False,torch.bfloat16,torch.bfloat16,False,False
146,37888,5120,False,torch.bfloat16,torch.bfloat16,False,False
147,37888,5120,False,torch.bfloat16,torch.bfloat16,False,False
148,37888,5120,False,torch.bfloat16,torch.bfloat16,False,False
149,37888,5120,False,torch.bfloat16,torch.bfloat16,False,False
150,37888,5120,False,torch.bfloat16,torch.bfloat16,False,False
151,37888,5120,False,torch.bfloat16,torch.bfloat16,False,False
152,16,2048,False,torch.bfloat16,torch.bfloat16,False,False
152,37888,5120,False,torch.bfloat16,torch.bfloat16,False,False
153,37888,5120,False,torch.bfloat16,torch.bfloat16,False,False
154,37888,5120,False,torch.bfloat16,torch.bfloat16,False,False
155,37888,5120,False,torch.bfloat16,torch.bfloat16,False,False
156,37888,5120,False,torch.bfloat16,torch.bfloat16,False,False
157,37888,5120,False,torch.bfloat16,torch.bfloat16,False,False
158,37888,5120,False,torch.bfloat16,torch.bfloat16,False,False
159,37888,5120,False,torch.bfloat16,torch.bfloat16,False,False
160,16,2048,False,torch.bfloat16,torch.bfloat16,False,False
160,37888,5120,False,torch.bfloat16,torch.bfloat16,False,False
161,37888,5120,False,torch.bfloat16,torch.bfloat16,False,False
162,37888,5120,False,torch.bfloat16,torch.bfloat16,False,False
163,37888,5120,False,torch.bfloat16,torch.bfloat16,False,False
164,37888,5120,False,torch.bfloat16,torch.bfloat16,False,False
165,37888,5120,False,torch.bfloat16,torch.bfloat16,False,False
166,37888,5120,False,torch.bfloat16,torch.bfloat16,False,False
167,37888,5120,False,torch.bfloat16,torch.bfloat16,False,False
168,16,2048,False,torch.bfloat16,torch.bfloat16,False,False
168,37888,5120,False,torch.bfloat16,torch.bfloat16,False,False
169,37888,5120,False,torch.bfloat16,torch.bfloat16,False,False
170,37888,5120,False,torch.bfloat16,torch.bfloat16,False,False
171,37888,5120,False,torch.bfloat16,torch.bfloat16,False,False
172,37888,5120,False,torch.bfloat16,torch.bfloat16,False,False
173,37888,5120,False,torch.bfloat16,torch.bfloat16,False,False
174,37888,5120,False,torch.bfloat16,torch.bfloat16,False,False
175,37888,5120,False,torch.bfloat16,torch.bfloat16,False,False
176,16,2048,False,torch.bfloat16,torch.bfloat16,False,False
176,37888,5120,False,torch.bfloat16,torch.bfloat16,False,False
177,37888,5120,False,torch.bfloat16,torch.bfloat16,False,False
178,37888,5120,False,torch.bfloat16,torch.bfloat16,False,False
179,37888,5120,False,torch.bfloat16,torch.bfloat16,False,False
180,37888,5120,False,torch.bfloat16,torch.bfloat16,False,False
181,37888,5120,False,torch.bfloat16,torch.bfloat16,False,False
182,37888,5120,False,torch.bfloat16,torch.bfloat16,False,False
183,37888,5120,False,torch.bfloat16,torch.bfloat16,False,False
184,16,2048,False,torch.bfloat16,torch.bfloat16,False,False
184,37888,5120,False,torch.bfloat16,torch.bfloat16,False,False
185,37888,5120,False,torch.bfloat16,torch.bfloat16,False,False
186,37888,5120,False,torch.bfloat16,torch.bfloat16,False,False
187,37888,5120,False,torch.bfloat16,torch.bfloat16,False,False
188,37888,5120,False,torch.bfloat16,torch.bfloat16,False,False
189,37888,5120,False,torch.bfloat16,torch.bfloat16,False,False
190,37888,5120,False,torch.bfloat16,torch.bfloat16,False,False
191,37888,5120,False,torch.bfloat16,torch.bfloat16,False,False
192,16,2048,False,torch.bfloat16,torch.bfloat16,False,False
192,37888,5120,False,torch.bfloat16,torch.bfloat16,False,False
193,37888,5120,False,torch.bfloat16,torch.bfloat16,False,False
194,37888,5120,False,torch.bfloat16,torch.bfloat16,False,False
195,37888,5120,False,torch.bfloat16,torch.bfloat16,False,False
196,37888,5120,False,torch.bfloat16,torch.bfloat16,False,False
197,37888,5120,False,torch.bfloat16,torch.bfloat16,False,False
198,37888,5120,False,torch.bfloat16,torch.bfloat16,False,False
199,37888,5120,False,torch.bfloat16,torch.bfloat16,False,False
200,16,2048,False,torch.bfloat16,torch.bfloat16,False,False
200,37888,5120,False,torch.bfloat16,torch.bfloat16,False,False
201,37888,5120,False,torch.bfloat16,torch.bfloat16,False,False
202,37888,5120,False,torch.bfloat16,torch.bfloat16,False,False
203,37888,5120,False,torch.bfloat16,torch.bfloat16,False,False
204,37888,5120,False,torch.bfloat16,torch.bfloat16,False,False
205,37888,5120,False,torch.bfloat16,torch.bfloat16,False,False
206,37888,5120,False,torch.bfloat16,torch.bfloat16,False,False
207,37888,5120,False,torch.bfloat16,torch.bfloat16,False,False
208,16,2048,False,torch.bfloat16,torch.bfloat16,False,False
208,37888,5120,False,torch.bfloat16,torch.bfloat16,False,False
209,37888,5120,False,torch.bfloat16,torch.bfloat16,False,False
210,37888,5120,False,torch.bfloat16,torch.bfloat16,False,False
211,37888,5120,False,torch.bfloat16,torch.bfloat16,False,False
212,37888,5120,False,torch.bfloat16,torch.bfloat16,False,False
213,37888,5120,False,torch.bfloat16,torch.bfloat16,False,False
214,37888,5120,False,torch.bfloat16,torch.bfloat16,False,False
215,37888,5120,False,torch.bfloat16,torch.bfloat16,False,False
216,16,2048,False,torch.bfloat16,torch.bfloat16,False,False
216,37888,5120,False,torch.bfloat16,torch.bfloat16,False,False
217,37888,5120,False,torch.bfloat16,torch.bfloat16,False,False
218,37888,5120,False,torch.bfloat16,torch.bfloat16,False,False
219,37888,5120,False,torch.bfloat16,torch.bfloat16,False,False
220,37888,5120,False,torch.bfloat16,torch.bfloat16,False,False
221,37888,5120,False,torch.bfloat16,torch.bfloat16,False,False
222,37888,5120,False,torch.bfloat16,torch.bfloat16,False,False
223,37888,5120,False,torch.bfloat16,torch.bfloat16,False,False
224,16,2048,False,torch.bfloat16,torch.bfloat16,False,False
224,37888,5120,False,torch.bfloat16,torch.bfloat16,False,False
225,37888,5120,False,torch.bfloat16,torch.bfloat16,False,False
226,37888,5120,False,torch.bfloat16,torch.bfloat16,False,False
227,37888,5120,False,torch.bfloat16,torch.bfloat16,False,False
228,37888,5120,False,torch.bfloat16,torch.bfloat16,False,False
229,37888,5120,False,torch.bfloat16,torch.bfloat16,False,False
230,37888,5120,False,torch.bfloat16,torch.bfloat16,False,False
231,37888,5120,False,torch.bfloat16,torch.bfloat16,False,False
232,16,2048,False,torch.bfloat16,torch.bfloat16,False,False
232,37888,5120,False,torch.bfloat16,torch.bfloat16,False,False
233,37888,5120,False,torch.bfloat16,torch.bfloat16,False,False
234,37888,5120,False,torch.bfloat16,torch.bfloat16,False,False
235,37888,5120,False,torch.bfloat16,torch.bfloat16,False,False
236,37888,5120,False,torch.bfloat16,torch.bfloat16,False,False
237,37888,5120,False,torch.bfloat16,torch.bfloat16,False,False
238,37888,5120,False,torch.bfloat16,torch.bfloat16,False,False
239,37888,5120,False,torch.bfloat16,torch.bfloat16,False,False
240,16,2048,False,torch.bfloat16,torch.bfloat16,False,False
240,37888,5120,False,torch.bfloat16,torch.bfloat16,False,False
241,37888,5120,False,torch.bfloat16,torch.bfloat16,False,False
242,37888,5120,False,torch.bfloat16,torch.bfloat16,False,False
243,37888,5120,False,torch.bfloat16,torch.bfloat16,False,False
244,37888,5120,False,torch.bfloat16,torch.bfloat16,False,False
245,37888,5120,False,torch.bfloat16,torch.bfloat16,False,False
246,37888,5120,False,torch.bfloat16,torch.bfloat16,False,False
247,37888,5120,False,torch.bfloat16,torch.bfloat16,False,False
248,16,2048,False,torch.bfloat16,torch.bfloat16,False,False
248,37888,5120,False,torch.bfloat16,torch.bfloat16,False,False
249,37888,5120,False,torch.bfloat16,torch.bfloat16,False,False
250,37888,5120,False,torch.bfloat16,torch.bfloat16,False,False
251,37888,5120,False,torch.bfloat16,torch.bfloat16,False,False
252,37888,5120,False,torch.bfloat16,torch.bfloat16,False,False
253,37888,5120,False,torch.bfloat16,torch.bfloat16,False,False
254,37888,5120,False,torch.bfloat16,torch.bfloat16,False,False
255,37888,5120,False,torch.bfloat16,torch.bfloat16,False,False
256,16,2048,False,torch.bfloat16,torch.bfloat16,False,False
256,37888,5120,False,torch.bfloat16,torch.bfloat16,False,False
256,37984,2048,False,torch.bfloat16,torch.bfloat16,False,False
257,37888,5120,False,torch.bfloat16,torch.bfloat16,False,False
258,37888,5120,False,torch.bfloat16,torch.bfloat16,False,False
259,37888,5120,False,torch.bfloat16,torch.bfloat16,False,False
260,37888,5120,False,torch.bfloat16,torch.bfloat16,False,False
261,37888,5120,False,torch.bfloat16,torch.bfloat16,False,False
262,37888,5120,False,torch.bfloat16,torch.bfloat16,False,False
263,37888,5120,False,torch.bfloat16,torch.bfloat16,False,False
264,37888,5120,False,torch.bfloat16,torch.bfloat16,False,False
265,37888,5120,False,torch.bfloat16,torch.bfloat16,False,False
266,37888,5120,False,torch.bfloat16,torch.bfloat16,False,False
267,37888,5120,False,torch.bfloat16,torch.bfloat16,False,False
268,37888,5120,False,torch.bfloat16,torch.bfloat16,False,False
269,37888,5120,False,torch.bfloat16,torch.bfloat16,False,False
270,37888,5120,False,torch.bfloat16,torch.bfloat16,False,False
271,37888,5120,False,torch.bfloat16,torch.bfloat16,False,False
272,16,2048,False,torch.bfloat16,torch.bfloat16,False,False
272,37888,5120,False,torch.bfloat16,torch.bfloat16,False,False
273,37888,5120,False,torch.bfloat16,torch.bfloat16,False,False
274,37888,5120,False,torch.bfloat16,torch.bfloat16,False,False
275,37888,5120,False,torch.bfloat16,torch.bfloat16,False,False
276,37888,5120,False,torch.bfloat16,torch.bfloat16,False,False
277,37888,5120,False,torch.bfloat16,torch.bfloat16,False,False
278,37888,5120,False,torch.bfloat16,torch.bfloat16,False,False
279,37888,5120,False,torch.bfloat16,torch.bfloat16,False,False
280,37888,5120,False,torch.bfloat16,torch.bfloat16,False,False
281,37888,5120,False,torch.bfloat16,torch.bfloat16,False,False
282,37888,5120,False,torch.bfloat16,torch.bfloat16,False,False
283,37888,5120,False,torch.bfloat16,torch.bfloat16,False,False
284,37888,5120,False,torch.bfloat16,torch.bfloat16,False,False
285,37888,5120,False,torch.bfloat16,torch.bfloat16,False,False
286,37888,5120,False,torch.bfloat16,torch.bfloat16,False,False
287,37888,5120,False,torch.bfloat16,torch.bfloat16,False,False
288,16,2048,False,torch.bfloat16,torch.bfloat16,False,False
288,37888,5120,False,torch.bfloat16,torch.bfloat16,False,False
289,37888,5120,False,torch.bfloat16,torch.bfloat16,False,False
290,37888,5120,False,torch.bfloat16,torch.bfloat16,False,False
291,37888,5120,False,torch.bfloat16,torch.bfloat16,False,False
292,37888,5120,False,torch.bfloat16,torch.bfloat16,False,False
293,37888,5120,False,torch.bfloat16,torch.bfloat16,False,False
294,37888,5120,False,torch.bfloat16,torch.bfloat16,False,False
295,37888,5120,False,torch.bfloat16,torch.bfloat16,False,False
296,37888,5120,False,torch.bfloat16,torch.bfloat16,False,False
297,37888,5120,False,torch.bfloat16,torch.bfloat16,False,False
298,37888,5120,False,torch.bfloat16,torch.bfloat16,False,False
299,37888,5120,False,torch.bfloat16,torch.bfloat16,False,False
300,37888,5120,False,torch.bfloat16,torch.bfloat16,False,False
301,37888,5120,False,torch.bfloat16,torch.bfloat16,False,False
302,37888,5120,False,torch.bfloat16,torch.bfloat16,False,False
303,37888,5120,False,torch.bfloat16,torch.bfloat16,False,False
304,16,2048,False,torch.bfloat16,torch.bfloat16,False,False
304,37888,5120,False,torch.bfloat16,torch.bfloat16,False,False
305,37888,5120,False,torch.bfloat16,torch.bfloat16,False,False
306,37888,5120,False,torch.bfloat16,torch.bfloat16,False,False
307,37888,5120,False,torch.bfloat16,torch.bfloat16,False,False
308,37888,5120,False,torch.bfloat16,torch.bfloat16,False,False
309,37888,5120,False,torch.bfloat16,torch.bfloat16,False,False
310,37888,5120,False,torch.bfloat16,torch.bfloat16,False,False
311,37888,5120,False,torch.bfloat16,torch.bfloat16,False,False
312,37888,5120,False,torch.bfloat16,torch.bfloat16,False,False
313,37888,5120,False,torch.bfloat16,torch.bfloat16,False,False
314,37888,5120,False,torch.bfloat16,torch.bfloat16,False,False
315,37888,5120,False,torch.bfloat16,torch.bfloat16,False,False
316,37888,5120,False,torch.bfloat16,torch.bfloat16,False,False
317,37888,5120,False,torch.bfloat16,torch.bfloat16,False,False
318,37888,5120,False,torch.bfloat16,torch.bfloat16,False,False
319,37888,5120,False,torch.bfloat16,torch.bfloat16,False,False
320,16,2048,False,torch.bfloat16,torch.bfloat16,False,False
320,37888,5120,False,torch.bfloat16,torch.bfloat16,False,False
321,37888,5120,False,torch.bfloat16,torch.bfloat16,False,False
322,37888,5120,False,torch.bfloat16,torch.bfloat16,False,False
323,37888,5120,False,torch.bfloat16,torch.bfloat16,False,False
324,37888,5120,False,torch.bfloat16,torch.bfloat16,False,False
325,37888,5120,False,torch.bfloat16,torch.bfloat16,False,False
326,37888,5120,False,torch.bfloat16,torch.bfloat16,False,False
327,37888,5120,False,torch.bfloat16,torch.bfloat16,False,False
328,37888,5120,False,torch.bfloat16,torch.bfloat16,False,False
329,37888,5120,False,torch.bfloat16,torch.bfloat16,False,False
330,37888,5120,False,torch.bfloat16,torch.bfloat16,False,False
331,37888,5120,False,torch.bfloat16,torch.bfloat16,False,False
332,37888,5120,False,torch.bfloat16,torch.bfloat16,False,False
333,37888,5120,False,torch.bfloat16,torch.bfloat16,False,False
334,37888,5120,False,torch.bfloat16,torch.bfloat16,False,False
335,37888,5120,False,torch.bfloat16,torch.bfloat16,False,False
336,16,2048,False,torch.bfloat16,torch.bfloat16,False,False
336,37888,5120,False,torch.bfloat16,torch.bfloat16,False,False
337,37888,5120,False,torch.bfloat16,torch.bfloat16,False,False
338,37888,5120,False,torch.bfloat16,torch.bfloat16,False,False
339,37888,5120,False,torch.bfloat16,torch.bfloat16,False,False
340,37888,5120,False,torch.bfloat16,torch.bfloat16,False,False
341,37888,5120,False,torch.bfloat16,torch.bfloat16,False,False
342,37888,5120,False,torch.bfloat16,torch.bfloat16,False,False
343,37888,5120,False,torch.bfloat16,torch.bfloat16,False,False
344,37888,5120,False,torch.bfloat16,torch.bfloat16,False,False
345,37888,5120,False,torch.bfloat16,torch.bfloat16,False,False
346,37888,5120,False,torch.bfloat16,torch.bfloat16,False,False
347,37888,5120,False,torch.bfloat16,torch.bfloat16,False,False
348,37888,5120,False,torch.bfloat16,torch.bfloat16,False,False
349,37888,5120,False,torch.bfloat16,torch.bfloat16,False,False
350,37888,5120,False,torch.bfloat16,torch.bfloat16,False,False
351,37888,5120,False,torch.bfloat16,torch.bfloat16,False,False
352,16,2048,False,torch.bfloat16,torch.bfloat16,False,False
352,37888,5120,False,torch.bfloat16,torch.bfloat16,False,False
353,37888,5120,False,torch.bfloat16,torch.bfloat16,False,False
354,37888,5120,False,torch.bfloat16,torch.bfloat16,False,False
355,37888,5120,False,torch.bfloat16,torch.bfloat16,False,False
356,37888,5120,False,torch.bfloat16,torch.bfloat16,False,False
357,37888,5120,False,torch.bfloat16,torch.bfloat16,False,False
358,37888,5120,False,torch.bfloat16,torch.bfloat16,False,False
359,37888,5120,False,torch.bfloat16,torch.bfloat16,False,False
360,37888,5120,False,torch.bfloat16,torch.bfloat16,False,False
361,37888,5120,False,torch.bfloat16,torch.bfloat16,False,False
362,37888,5120,False,torch.bfloat16,torch.bfloat16,False,False
363,37888,5120,False,torch.bfloat16,torch.bfloat16,False,False
364,37888,5120,False,torch.bfloat16,torch.bfloat16,False,False
365,37888,5120,False,torch.bfloat16,torch.bfloat16,False,False
366,37888,5120,False,torch.bfloat16,torch.bfloat16,False,False
367,37888,5120,False,torch.bfloat16,torch.bfloat16,False,False
368,16,2048,False,torch.bfloat16,torch.bfloat16,False,False
368,37888,5120,False,torch.bfloat16,torch.bfloat16,False,False
369,37888,5120,False,torch.bfloat16,torch.bfloat16,False,False
370,37888,5120,False,torch.bfloat16,torch.bfloat16,False,False
371,37888,5120,False,torch.bfloat16,torch.bfloat16,False,False
372,37888,5120,False,torch.bfloat16,torch.bfloat16,False,False
373,37888,5120,False,torch.bfloat16,torch.bfloat16,False,False
374,37888,5120,False,torch.bfloat16,torch.bfloat16,False,False
375,37888,5120,False,torch.bfloat16,torch.bfloat16,False,False
376,37888,5120,False,torch.bfloat16,torch.bfloat16,False,False
377,37888,5120,False,torch.bfloat16,torch.bfloat16,False,False
378,37888,5120,False,torch.bfloat16,torch.bfloat16,False,False
379,37888,5120,False,torch.bfloat16,torch.bfloat16,False,False
380,37888,5120,False,torch.bfloat16,torch.bfloat16,False,False
381,37888,5120,False,torch.bfloat16,torch.bfloat16,False,False
382,37888,5120,False,torch.bfloat16,torch.bfloat16,False,False
383,37888,5120,False,torch.bfloat16,torch.bfloat16,False,False
384,16,2048,False,torch.bfloat16,torch.bfloat16,False,False
384,37888,5120,False,torch.bfloat16,torch.bfloat16,False,False
385,37888,5120,False,torch.bfloat16,torch.bfloat16,False,False
386,37888,5120,False,torch.bfloat16,torch.bfloat16,False,False
387,37888,5120,False,torch.bfloat16,torch.bfloat16,False,False
388,37888,5120,False,torch.bfloat16,torch.bfloat16,False,False
389,37888,5120,False,torch.bfloat16,torch.bfloat16,False,False
390,37888,5120,False,torch.bfloat16,torch.bfloat16,False,False
391,37888,5120,False,torch.bfloat16,torch.bfloat16,False,False
392,37888,5120,False,torch.bfloat16,torch.bfloat16,False,False
393,37888,5120,False,torch.bfloat16,torch.bfloat16,False,False
394,37888,5120,False,torch.bfloat16,torch.bfloat16,False,False
395,37888,5120,False,torch.bfloat16,torch.bfloat16,False,False
396,37888,5120,False,torch.bfloat16,torch.bfloat16,False,False
397,37888,5120,False,torch.bfloat16,torch.bfloat16,False,False
398,37888,5120,False,torch.bfloat16,torch.bfloat16,False,False
399,37888,5120,False,torch.bfloat16,torch.bfloat16,False,False
400,16,2048,False,torch.bfloat16,torch.bfloat16,False,False
400,37888,5120,False,torch.bfloat16,torch.bfloat16,False,False
401,37888,5120,False,torch.bfloat16,torch.bfloat16,False,False
402,37888,5120,False,torch.bfloat16,torch.bfloat16,False,False
403,37888,5120,False,torch.bfloat16,torch.bfloat16,False,False
404,37888,5120,False,torch.bfloat16,torch.bfloat16,False,False
405,37888,5120,False,torch.bfloat16,torch.bfloat16,False,False
406,37888,5120,False,torch.bfloat16,torch.bfloat16,False,False
407,37888,5120,False,torch.bfloat16,torch.bfloat16,False,False
408,37888,5120,False,torch.bfloat16,torch.bfloat16,False,False
409,37888,5120,False,torch.bfloat16,torch.bfloat16,False,False
410,37888,5120,False,torch.bfloat16,torch.bfloat16,False,False
411,37888,5120,False,torch.bfloat16,torch.bfloat16,False,False
412,37888,5120,False,torch.bfloat16,torch.bfloat16,False,False
413,37888,5120,False,torch.bfloat16,torch.bfloat16,False,False
414,37888,5120,False,torch.bfloat16,torch.bfloat16,False,False
415,37888,5120,False,torch.bfloat16,torch.bfloat16,False,False
416,16,2048,False,torch.bfloat16,torch.bfloat16,False,False
416,37888,5120,False,torch.bfloat16,torch.bfloat16,False,False
417,37888,5120,False,torch.bfloat16,torch.bfloat16,False,False
418,37888,5120,False,torch.bfloat16,torch.bfloat16,False,False
419,37888,5120,False,torch.bfloat16,torch.bfloat16,False,False
420,37888,5120,False,torch.bfloat16,torch.bfloat16,False,False
421,37888,5120,False,torch.bfloat16,torch.bfloat16,False,False
422,37888,5120,False,torch.bfloat16,torch.bfloat16,False,False
423,37888,5120,False,torch.bfloat16,torch.bfloat16,False,False
424,37888,5120,False,torch.bfloat16,torch.bfloat16,False,False
425,37888,5120,False,torch.bfloat16,torch.bfloat16,False,False
426,37888,5120,False,torch.bfloat16,torch.bfloat16,False,False
427,37888,5120,False,torch.bfloat16,torch.bfloat16,False,False
428,37888,5120,False,torch.bfloat16,torch.bfloat16,False,False
429,37888,5120,False,torch.bfloat16,torch.bfloat16,False,False
430,37888,5120,False,torch.bfloat16,torch.bfloat16,False,False
431,37888,5120,False,torch.bfloat16,torch.bfloat16,False,False
432,16,2048,False,torch.bfloat16,torch.bfloat16,False,False
432,37888,5120,False,torch.bfloat16,torch.bfloat16,False,False
433,37888,5120,False,torch.bfloat16,torch.bfloat16,False,False
434,37888,5120,False,torch.bfloat16,torch.bfloat16,False,False
435,37888,5120,False,torch.bfloat16,torch.bfloat16,False,False
436,37888,5120,False,torch.bfloat16,torch.bfloat16,False,False
437,37888,5120,False,torch.bfloat16,torch.bfloat16,False,False
438,37888,5120,False,torch.bfloat16,torch.bfloat16,False,False
439,37888,5120,False,torch.bfloat16,torch.bfloat16,False,False
440,37888,5120,False,torch.bfloat16,torch.bfloat16,False,False
441,37888,5120,False,torch.bfloat16,torch.bfloat16,False,False
442,37888,5120,False,torch.bfloat16,torch.bfloat16,False,False
443,37888,5120,False,torch.bfloat16,torch.bfloat16,False,False
444,37888,5120,False,torch.bfloat16,torch.bfloat16,False,False
445,37888,5120,False,torch.bfloat16,torch.bfloat16,False,False
446,37888,5120,False,torch.bfloat16,torch.bfloat16,False,False
447,37888,5120,False,torch.bfloat16,torch.bfloat16,False,False
448,16,2048,False,torch.bfloat16,torch.bfloat16,False,False
448,37888,5120,False,torch.bfloat16,torch.bfloat16,False,False
449,37888,5120,False,torch.bfloat16,torch.bfloat16,False,False
450,37888,5120,False,torch.bfloat16,torch.bfloat16,False,False
451,37888,5120,False,torch.bfloat16,torch.bfloat16,False,False
452,37888,5120,False,torch.bfloat16,torch.bfloat16,False,False
453,37888,5120,False,torch.bfloat16,torch.bfloat16,False,False
454,37888,5120,False,torch.bfloat16,torch.bfloat16,False,False
455,37888,5120,False,torch.bfloat16,torch.bfloat16,False,False
456,37888,5120,False,torch.bfloat16,torch.bfloat16,False,False
457,37888,5120,False,torch.bfloat16,torch.bfloat16,False,False
458,37888,5120,False,torch.bfloat16,torch.bfloat16,False,False
459,37888,5120,False,torch.bfloat16,torch.bfloat16,False,False
460,37888,5120,False,torch.bfloat16,torch.bfloat16,False,False
461,37888,5120,False,torch.bfloat16,torch.bfloat16,False,False
462,37888,5120,False,torch.bfloat16,torch.bfloat16,False,False
463,37888,5120,False,torch.bfloat16,torch.bfloat16,False,False
464,16,2048,False,torch.bfloat16,torch.bfloat16,False,False
464,37888,5120,False,torch.bfloat16,torch.bfloat16,False,False
465,37888,5120,False,torch.bfloat16,torch.bfloat16,False,False
466,37888,5120,False,torch.bfloat16,torch.bfloat16,False,False
467,37888,5120,False,torch.bfloat16,torch.bfloat16,False,False
468,37888,5120,False,torch.bfloat16,torch.bfloat16,False,False
469,37888,5120,False,torch.bfloat16,torch.bfloat16,False,False
470,37888,5120,False,torch.bfloat16,torch.bfloat16,False,False
471,37888,5120,False,torch.bfloat16,torch.bfloat16,False,False
472,37888,5120,False,torch.bfloat16,torch.bfloat16,False,False
473,37888,5120,False,torch.bfloat16,torch.bfloat16,False,False
474,37888,5120,False,torch.bfloat16,torch.bfloat16,False,False
475,37888,5120,False,torch.bfloat16,torch.bfloat16,False,False
476,37888,5120,False,torch.bfloat16,torch.bfloat16,False,False
477,37888,5120,False,torch.bfloat16,torch.bfloat16,False,False
478,37888,5120,False,torch.bfloat16,torch.bfloat16,False,False
479,37888,5120,False,torch.bfloat16,torch.bfloat16,False,False
480,16,2048,False,torch.bfloat16,torch.bfloat16,False,False
480,37888,5120,False,torch.bfloat16,torch.bfloat16,False,False
481,37888,5120,False,torch.bfloat16,torch.bfloat16,False,False
482,37888,5120,False,torch.bfloat16,torch.bfloat16,False,False
483,37888,5120,False,torch.bfloat16,torch.bfloat16,False,False
484,37888,5120,False,torch.bfloat16,torch.bfloat16,False,False
485,37888,5120,False,torch.bfloat16,torch.bfloat16,False,False
486,37888,5120,False,torch.bfloat16,torch.bfloat16,False,False
487,37888,5120,False,torch.bfloat16,torch.bfloat16,False,False
488,37888,5120,False,torch.bfloat16,torch.bfloat16,False,False
489,37888,5120,False,torch.bfloat16,torch.bfloat16,False,False
490,37888,5120,False,torch.bfloat16,torch.bfloat16,False,False
491,37888,5120,False,torch.bfloat16,torch.bfloat16,False,False
492,37888,5120,False,torch.bfloat16,torch.bfloat16,False,False
493,37888,5120,False,torch.bfloat16,torch.bfloat16,False,False
494,37888,5120,False,torch.bfloat16,torch.bfloat16,False,False
495,37888,5120,False,torch.bfloat16,torch.bfloat16,False,False
496,16,2048,False,torch.bfloat16,torch.bfloat16,False,False
496,37888,5120,False,torch.bfloat16,torch.bfloat16,False,False
497,37888,5120,False,torch.bfloat16,torch.bfloat16,False,False
498,37888,5120,False,torch.bfloat16,torch.bfloat16,False,False
499,37888,5120,False,torch.bfloat16,torch.bfloat16,False,False
500,37888,5120,False,torch.bfloat16,torch.bfloat16,False,False
501,37888,5120,False,torch.bfloat16,torch.bfloat16,False,False
502,37888,5120,False,torch.bfloat16,torch.bfloat16,False,False
503,37888,5120,False,torch.bfloat16,torch.bfloat16,False,False
504,37888,5120,False,torch.bfloat16,torch.bfloat16,False,False
505,37888,5120,False,torch.bfloat16,torch.bfloat16,False,False
506,37888,5120,False,torch.bfloat16,torch.bfloat16,False,False
507,37888,5120,False,torch.bfloat16,torch.bfloat16,False,False
508,37888,5120,False,torch.bfloat16,torch.bfloat16,False,False
509,37888,5120,False,torch.bfloat16,torch.bfloat16,False,False
510,37888,5120,False,torch.bfloat16,torch.bfloat16,False,False
511,37888,5120,False,torch.bfloat16,torch.bfloat16,False,False
512,16,2048,False,torch.bfloat16,torch.bfloat16,False,False
512,37888,5120,False,torch.bfloat16,torch.bfloat16,False,False
513,37888,5120,False,torch.bfloat16,torch.bfloat16,False,False
514,37888,5120,False,torch.bfloat16,torch.bfloat16,False,False
515,37888,5120,False,torch.bfloat16,torch.bfloat16,False,False
516,37888,5120,False,torch.bfloat16,torch.bfloat16,False,False
517,37888,5120,False,torch.bfloat16,torch.bfloat16,False,False
519,37888,5120,False,torch.bfloat16,torch.bfloat16,False,False
520,37888,5120,False,torch.bfloat16,torch.bfloat16,False,False
522,37888,5120,False,torch.bfloat16,torch.bfloat16,False,False
523,37888,5120,False,torch.bfloat16,torch.bfloat16,False,False
525,37888,5120,False,torch.bfloat16,torch.bfloat16,False,False
526,37888,5120,False,torch.bfloat16,torch.bfloat16,False,False
528,37888,5120,False,torch.bfloat16,torch.bfloat16,False,False
529,37888,5120,False,torch.bfloat16,torch.bfloat16,False,False
531,37888,5120,False,torch.bfloat16,torch.bfloat16,False,False
532,37888,5120,False,torch.bfloat16,torch.bfloat16,False,False
534,37888,5120,False,torch.bfloat16,torch.bfloat16,False,False
535,37888,5120,False,torch.bfloat16,torch.bfloat16,False,False
536,37888,5120,False,torch.bfloat16,torch.bfloat16,False,False
537,37888,5120,False,torch.bfloat16,torch.bfloat16,False,False
538,37888,5120,False,torch.bfloat16,torch.bfloat16,False,False
540,37888,5120,False,torch.bfloat16,torch.bfloat16,False,False
541,37888,5120,False,torch.bfloat16,torch.bfloat16,False,False
543,37888,5120,False,torch.bfloat16,torch.bfloat16,False,False
544,37888,5120,False,torch.bfloat16,torch.bfloat16,False,False
546,37888,5120,False,torch.bfloat16,torch.bfloat16,False,False
547,37888,5120,False,torch.bfloat16,torch.bfloat16,False,False
549,37888,5120,False,torch.bfloat16,torch.bfloat16,False,False
550,37888,5120,False,torch.bfloat16,torch.bfloat16,False,False
551,37888,5120,False,torch.bfloat16,torch.bfloat16,False,False
552,37888,5120,False,torch.bfloat16,torch.bfloat16,False,False
553,37888,5120,False,torch.bfloat16,torch.bfloat16,False,False
555,37888,5120,False,torch.bfloat16,torch.bfloat16,False,False
556,37888,5120,False,torch.bfloat16,torch.bfloat16,False,False
557,37888,5120,False,torch.bfloat16,torch.bfloat16,False,False
558,37888,5120,False,torch.bfloat16,torch.bfloat16,False,False
561,37888,5120,False,torch.bfloat16,torch.bfloat16,False,False
562,37888,5120,False,torch.bfloat16,torch.bfloat16,False,False
563,37888,5120,False,torch.bfloat16,torch.bfloat16,False,False
564,37888,5120,False,torch.bfloat16,torch.bfloat16,False,False
566,37888,5120,False,torch.bfloat16,torch.bfloat16,False,False
567,37888,5120,False,torch.bfloat16,torch.bfloat16,False,False
568,37888,5120,False,torch.bfloat16,torch.bfloat16,False,False
569,37888,5120,False,torch.bfloat16,torch.bfloat16,False,False
570,37888,5120,False,torch.bfloat16,torch.bfloat16,False,False
571,37888,5120,False,torch.bfloat16,torch.bfloat16,False,False
572,37888,5120,False,torch.bfloat16,torch.bfloat16,False,False
573,37888,5120,False,torch.bfloat16,torch.bfloat16,False,False
574,37888,5120,False,torch.bfloat16,torch.bfloat16,False,False
576,37888,5120,False,torch.bfloat16,torch.bfloat16,False,False
577,37888,5120,False,torch.bfloat16,torch.bfloat16,False,False
579,37888,5120,False,torch.bfloat16,torch.bfloat16,False,False
580,37888,5120,False,torch.bfloat16,torch.bfloat16,False,False
582,37888,5120,False,torch.bfloat16,torch.bfloat16,False,False
583,37888,5120,False,torch.bfloat16,torch.bfloat16,False,False
585,37888,5120,False,torch.bfloat16,torch.bfloat16,False,False
586,37888,5120,False,torch.bfloat16,torch.bfloat16,False,False
588,37888,5120,False,torch.bfloat16,torch.bfloat16,False,False
589,37888,5120,False,torch.bfloat16,torch.bfloat16,False,False
590,37888,5120,False,torch.bfloat16,torch.bfloat16,False,False
591,37888,5120,False,torch.bfloat16,torch.bfloat16,False,False
592,37888,5120,False,torch.bfloat16,torch.bfloat16,False,False
593,37888,5120,False,torch.bfloat16,torch.bfloat16,False,False
594,37888,5120,False,torch.bfloat16,torch.bfloat16,False,False
596,37888,5120,False,torch.bfloat16,torch.bfloat16,False,False
597,37888,5120,False,torch.bfloat16,torch.bfloat16,False,False
600,37888,5120,False,torch.bfloat16,torch.bfloat16,False,False
601,37888,5120,False,torch.bfloat16,torch.bfloat16,False,False
602,37888,5120,False,torch.bfloat16,torch.bfloat16,False,False
603,37888,5120,False,torch.bfloat16,torch.bfloat16,False,False
605,37888,5120,False,torch.bfloat16,torch.bfloat16,False,False
606,37888,5120,False,torch.bfloat16,torch.bfloat16,False,False
607,37888,5120,False,torch.bfloat16,torch.bfloat16,False,False
608,37888,5120,False,torch.bfloat16,torch.bfloat16,False,False
609,37888,5120,False,torch.bfloat16,torch.bfloat16,False,False
610,37888,5120,False,torch.bfloat16,torch.bfloat16,False,False
611,37888,5120,False,torch.bfloat16,torch.bfloat16,False,False
612,37888,5120,False,torch.bfloat16,torch.bfloat16,False,False
613,37888,5120,False,torch.bfloat16,torch.bfloat16,False,False
615,37888,5120,False,torch.bfloat16,torch.bfloat16,False,False
616,37888,5120,False,torch.bfloat16,torch.bfloat16,False,False
618,37888,5120,False,torch.bfloat16,torch.bfloat16,False,False
619,37888,5120,False,torch.bfloat16,torch.bfloat16,False,False
621,37888,5120,False,torch.bfloat16,torch.bfloat16,False,False
622,37888,5120,False,torch.bfloat16,torch.bfloat16,False,False
624,37888,5120,False,torch.bfloat16,torch.bfloat16,False,False
625,37888,5120,False,torch.bfloat16,torch.bfloat16,False,False
626,37888,5120,False,torch.bfloat16,torch.bfloat16,False,False
627,37888,5120,False,torch.bfloat16,torch.bfloat16,False,False
628,37888,5120,False,torch.bfloat16,torch.bfloat16,False,False
629,37888,5120,False,torch.bfloat16,torch.bfloat16,False,False
630,37888,5120,False,torch.bfloat16,torch.bfloat16,False,False
631,37888,5120,False,torch.bfloat16,torch.bfloat16,False,False
632,37888,5120,False,torch.bfloat16,torch.bfloat16,False,False
633,37888,5120,False,torch.bfloat16,torch.bfloat16,False,False
634,37888,5120,False,torch.bfloat16,torch.bfloat16,False,False
635,37888,5120,False,torch.bfloat16,torch.bfloat16,False,False
636,37888,5120,False,torch.bfloat16,torch.bfloat16,False,False
638,37888,5120,False,torch.bfloat16,torch.bfloat16,False,False
639,37888,5120,False,torch.bfloat16,torch.bfloat16,False,False
640,37888,5120,False,torch.bfloat16,torch.bfloat16,False,False
641,37888,5120,False,torch.bfloat16,torch.bfloat16,False,False
642,37888,5120,False,torch.bfloat16,torch.bfloat16,False,False
644,37888,5120,False,torch.bfloat16,torch.bfloat16,False,False
645,37888,5120,False,torch.bfloat16,torch.bfloat16,False,False
646,37888,5120,False,torch.bfloat16,torch.bfloat16,False,False
647,37888,5120,False,torch.bfloat16,torch.bfloat16,False,False
648,37888,5120,False,torch.bfloat16,torch.bfloat16,False,False
649,37888,5120,False,torch.bfloat16,torch.bfloat16,False,False
650,37888,5120,False,torch.bfloat16,torch.bfloat16,False,False
651,37888,5120,False,torch.bfloat16,torch.bfloat16,False,False
652,37888,5120,False,torch.bfloat16,torch.bfloat16,False,False
654,37888,5120,False,torch.bfloat16,torch.bfloat16,False,False
655,37888,5120,False,torch.bfloat16,torch.bfloat16,False,False
656,37888,5120,False,torch.bfloat16,torch.bfloat16,False,False
657,37888,5120,False,torch.bfloat16,torch.bfloat16,False,False
658,37888,5120,False,torch.bfloat16,torch.bfloat16,False,False
659,37888,5120,False,torch.bfloat16,torch.bfloat16,False,False
660,37888,5120,False,torch.bfloat16,torch.bfloat16,False,False
661,37888,5120,False,torch.bfloat16,torch.bfloat16,False,False
663,37888,5120,False,torch.bfloat16,torch.bfloat16,False,False
664,37888,5120,False,torch.bfloat16,torch.bfloat16,False,False
665,37888,5120,False,torch.bfloat16,torch.bfloat16,False,False
666,37888,5120,False,torch.bfloat16,torch.bfloat16,False,False
667,37888,5120,False,torch.bfloat16,torch.bfloat16,False,False
669,37888,5120,False,torch.bfloat16,torch.bfloat16,False,False
670,37888,5120,False,torch.bfloat16,torch.bfloat16,False,False
671,37888,5120,False,torch.bfloat16,torch.bfloat16,False,False
672,37888,5120,False,torch.bfloat16,torch.bfloat16,False,False
673,37888,5120,False,torch.bfloat16,torch.bfloat16,False,False
674,37888,5120,False,torch.bfloat16,torch.bfloat16,False,False
675,37888,5120,False,torch.bfloat16,torch.bfloat16,False,False
677,37888,5120,False,torch.bfloat16,torch.bfloat16,False,False
678,37888,5120,False,torch.bfloat16,torch.bfloat16,False,False
679,37888,5120,False,torch.bfloat16,torch.bfloat16,False,False
680,37888,5120,False,torch.bfloat16,torch.bfloat16,False,False
681,37888,5120,False,torch.bfloat16,torch.bfloat16,False,False
682,37888,5120,False,torch.bfloat16,torch.bfloat16,False,False
683,37888,5120,False,torch.bfloat16,torch.bfloat16,False,False
684,37888,5120,False,torch.bfloat16,torch.bfloat16,False,False
685,37888,5120,False,torch.bfloat16,torch.bfloat16,False,False
686,37888,5120,False,torch.bfloat16,torch.bfloat16,False,False
687,37888,5120,False,torch.bfloat16,torch.bfloat16,False,False
688,37888,5120,False,torch.bfloat16,torch.bfloat16,False,False
689,37888,5120,False,torch.bfloat16,torch.bfloat16,False,False
690,37888,5120,False,torch.bfloat16,torch.bfloat16,False,False
691,37888,5120,False,torch.bfloat16,torch.bfloat16,False,False
692,37888,5120,False,torch.bfloat16,torch.bfloat16,False,False
693,37888,5120,False,torch.bfloat16,torch.bfloat16,False,False
694,37888,5120,False,torch.bfloat16,torch.bfloat16,False,False
695,37888,5120,False,torch.bfloat16,torch.bfloat16,False,False
696,37888,5120,False,torch.bfloat16,torch.bfloat16,False,False
697,37888,5120,False,torch.bfloat16,torch.bfloat16,False,False
698,37888,5120,False,torch.bfloat16,torch.bfloat16,False,False
699,37888,5120,False,torch.bfloat16,torch.bfloat16,False,False
700,37888,5120,False,torch.bfloat16,torch.bfloat16,False,False
701,37888,5120,False,torch.bfloat16,torch.bfloat16,False,False
702,37888,5120,False,torch.bfloat16,torch.bfloat16,False,False
703,37888,5120,False,torch.bfloat16,torch.bfloat16,False,False
704,37888,5120,False,torch.bfloat16,torch.bfloat16,False,False
705,37888,5120,False,torch.bfloat16,torch.bfloat16,False,False
706,37888,5120,False,torch.bfloat16,torch.bfloat16,False,False
707,37888,5120,False,torch.bfloat16,torch.bfloat16,False,False
708,37888,5120,False,torch.bfloat16,torch.bfloat16,False,False
709,37888,5120,False,torch.bfloat16,torch.bfloat16,False,False
710,37888,5120,False,torch.bfloat16,torch.bfloat16,False,False
711,37888,5120,False,torch.bfloat16,torch.bfloat16,False,False
712,37888,5120,False,torch.bfloat16,torch.bfloat16,False,False
713,37888,5120,False,torch.bfloat16,torch.bfloat16,False,False
714,37888,5120,False,torch.bfloat16,torch.bfloat16,False,False
715,37888,5120,False,torch.bfloat16,torch.bfloat16,False,False
717,37888,5120,False,torch.bfloat16,torch.bfloat16,False,False
718,37888,5120,False,torch.bfloat16,torch.bfloat16,False,False
719,37888,5120,False,torch.bfloat16,torch.bfloat16,False,False
720,37888,5120,False,torch.bfloat16,torch.bfloat16,False,False
721,37888,5120,False,torch.bfloat16,torch.bfloat16,False,False
722,37888,5120,False,torch.bfloat16,torch.bfloat16,False,False
723,37888,5120,False,torch.bfloat16,torch.bfloat16,False,False
724,37888,5120,False,torch.bfloat16,torch.bfloat16,False,False
725,37888,5120,False,torch.bfloat16,torch.bfloat16,False,False
726,37888,5120,False,torch.bfloat16,torch.bfloat16,False,False
727,37888,5120,False,torch.bfloat16,torch.bfloat16,False,False
728,37888,5120,False,torch.bfloat16,torch.bfloat16,False,False
729,37888,5120,False,torch.bfloat16,torch.bfloat16,False,False
730,37888,5120,False,torch.bfloat16,torch.bfloat16,False,False
731,37888,5120,False,torch.bfloat16,torch.bfloat16,False,False
732,37888,5120,False,torch.bfloat16,torch.bfloat16,False,False
733,37888,5120,False,torch.bfloat16,torch.bfloat16,False,False
734,37888,5120,False,torch.bfloat16,torch.bfloat16,False,False
735,37888,5120,False,torch.bfloat16,torch.bfloat16,False,False
736,37888,5120,False,torch.bfloat16,torch.bfloat16,False,False
737,37888,5120,False,torch.bfloat16,torch.bfloat16,False,False
738,37888,5120,False,torch.bfloat16,torch.bfloat16,False,False
739,37888,5120,False,torch.bfloat16,torch.bfloat16,False,False
740,37888,5120,False,torch.bfloat16,torch.bfloat16,False,False
741,37888,5120,False,torch.bfloat16,torch.bfloat16,False,False
742,37888,5120,False,torch.bfloat16,torch.bfloat16,False,False
743,37888,5120,False,torch.bfloat16,torch.bfloat16,False,False
744,37888,5120,False,torch.bfloat16,torch.bfloat16,False,False
745,37888,5120,False,torch.bfloat16,torch.bfloat16,False,False
746,37888,5120,False,torch.bfloat16,torch.bfloat16,False,False
747,37888,5120,False,torch.bfloat16,torch.bfloat16,False,False
748,37888,5120,False,torch.bfloat16,torch.bfloat16,False,False
749,37888,5120,False,torch.bfloat16,torch.bfloat16,False,False
750,37888,5120,False,torch.bfloat16,torch.bfloat16,False,False
751,37888,5120,False,torch.bfloat16,torch.bfloat16,False,False
752,37888,5120,False,torch.bfloat16,torch.bfloat16,False,False
753,37888,5120,False,torch.bfloat16,torch.bfloat16,False,False
754,37888,5120,False,torch.bfloat16,torch.bfloat16,False,False
755,37888,5120,False,torch.bfloat16,torch.bfloat16,False,False
756,37888,5120,False,torch.bfloat16,torch.bfloat16,False,False
757,37888,5120,False,torch.bfloat16,torch.bfloat16,False,False
758,37888,5120,False,torch.bfloat16,torch.bfloat16,False,False
759,37888,5120,False,torch.bfloat16,torch.bfloat16,False,False
760,37888,5120,False,torch.bfloat16,torch.bfloat16,False,False
761,37888,5120,False,torch.bfloat16,torch.bfloat16,False,False
762,37888,5120,False,torch.bfloat16,torch.bfloat16,False,False
763,37888,5120,False,torch.bfloat16,torch.bfloat16,False,False
764,37888,5120,False,torch.bfloat16,torch.bfloat16,False,False
765,37888,5120,False,torch.bfloat16,torch.bfloat16,False,False
766,37888,5120,False,torch.bfloat16,torch.bfloat16,False,False
767,37888,5120,False,torch.bfloat16,torch.bfloat16,False,False
768,37888,5120,False,torch.bfloat16,torch.bfloat16,False,False
769,37888,5120,False,torch.bfloat16,torch.bfloat16,False,False
771,37888,5120,False,torch.bfloat16,torch.bfloat16,False,False
773,37888,5120,False,torch.bfloat16,torch.bfloat16,False,False
774,37888,5120,False,torch.bfloat16,torch.bfloat16,False,False
776,37888,5120,False,torch.bfloat16,torch.bfloat16,False,False
777,37888,5120,False,torch.bfloat16,torch.bfloat16,False,False
778,37888,5120,False,torch.bfloat16,torch.bfloat16,False,False
779,37888,5120,False,torch.bfloat16,torch.bfloat16,False,False
780,37888,5120,False,torch.bfloat16,torch.bfloat16,False,False
783,37888,5120,False,torch.bfloat16,torch.bfloat16,False,False
784,37888,5120,False,torch.bfloat16,torch.bfloat16,False,False
786,37888,5120,False,torch.bfloat16,torch.bfloat16,False,False
787,37888,5120,False,torch.bfloat16,torch.bfloat16,False,False
789,37888,5120,False,torch.bfloat16,torch.bfloat16,False,False
790,37888,5120,False,torch.bfloat16,torch.bfloat16,False,False
793,37888,5120,False,torch.bfloat16,torch.bfloat16,False,False
795,37888,5120,False,torch.bfloat16,torch.bfloat16,False,False
796,37888,5120,False,torch.bfloat16,torch.bfloat16,False,False
797,37888,5120,False,torch.bfloat16,torch.bfloat16,False,False
798,37888,5120,False,torch.bfloat16,torch.bfloat16,False,False
799,37888,5120,False,torch.bfloat16,torch.bfloat16,False,False
801,37888,5120,False,torch.bfloat16,torch.bfloat16,False,False
802,37888,5120,False,torch.bfloat16,torch.bfloat16,False,False
804,37888,5120,False,torch.bfloat16,torch.bfloat16,False,False
805,37888,5120,False,torch.bfloat16,torch.bfloat16,False,False
807,37888,5120,False,torch.bfloat16,torch.bfloat16,False,False
808,37888,5120,False,torch.bfloat16,torch.bfloat16,False,False
810,37888,5120,False,torch.bfloat16,torch.bfloat16,False,False
811,37888,5120,False,torch.bfloat16,torch.bfloat16,False,False
813,37888,5120,False,torch.bfloat16,torch.bfloat16,False,False
814,37888,5120,False,torch.bfloat16,torch.bfloat16,False,False
816,37888,5120,False,torch.bfloat16,torch.bfloat16,False,False
817,37888,5120,False,torch.bfloat16,torch.bfloat16,False,False
819,37888,5120,False,torch.bfloat16,torch.bfloat16,False,False
821,37888,5120,False,torch.bfloat16,torch.bfloat16,False,False
822,37888,5120,False,torch.bfloat16,torch.bfloat16,False,False
824,37888,5120,False,torch.bfloat16,torch.bfloat16,False,False
825,37888,5120,False,torch.bfloat16,torch.bfloat16,False,False
826,37888,5120,False,torch.bfloat16,torch.bfloat16,False,False
828,37888,5120,False,torch.bfloat16,torch.bfloat16,False,False
831,37888,5120,False,torch.bfloat16,torch.bfloat16,False,False
832,37888,5120,False,torch.bfloat16,torch.bfloat16,False,False
833,37888,5120,False,torch.bfloat16,torch.bfloat16,False,False
834,37888,5120,False,torch.bfloat16,torch.bfloat16,False,False
836,37888,5120,False,torch.bfloat16,torch.bfloat16,False,False
837,37888,5120,False,torch.bfloat16,torch.bfloat16,False,False
840,37888,5120,False,torch.bfloat16,torch.bfloat16,False,False
841,37888,5120,False,torch.bfloat16,torch.bfloat16,False,False
843,37888,5120,False,torch.bfloat16,torch.bfloat16,False,False
844,37888,5120,False,torch.bfloat16,torch.bfloat16,False,False
846,37888,5120,False,torch.bfloat16,torch.bfloat16,False,False
847,37888,5120,False,torch.bfloat16,torch.bfloat16,False,False
849,37888,5120,False,torch.bfloat16,torch.bfloat16,False,False
850,37888,5120,False,torch.bfloat16,torch.bfloat16,False,False
852,37888,5120,False,torch.bfloat16,torch.bfloat16,False,False
853,37888,5120,False,torch.bfloat16,torch.bfloat16,False,False
855,37888,5120,False,torch.bfloat16,torch.bfloat16,False,False
856,37888,5120,False,torch.bfloat16,torch.bfloat16,False,False
858,37888,5120,False,torch.bfloat16,torch.bfloat16,False,False
859,37888,5120,False,torch.bfloat16,torch.bfloat16,False,False
861,37888,5120,False,torch.bfloat16,torch.bfloat16,False,False
863,37888,5120,False,torch.bfloat16,torch.bfloat16,False,False
864,37888,5120,False,torch.bfloat16,torch.bfloat16,False,False
865,37888,5120,False,torch.bfloat16,torch.bfloat16,False,False
867,37888,5120,False,torch.bfloat16,torch.bfloat16,False,False
868,37888,5120,False,torch.bfloat16,torch.bfloat16,False,False
870,37888,5120,False,torch.bfloat16,torch.bfloat16,False,False
871,37888,5120,False,torch.bfloat16,torch.bfloat16,False,False
873,37888,5120,False,torch.bfloat16,torch.bfloat16,False,False
874,37888,5120,False,torch.bfloat16,torch.bfloat16,False,False
876,37888,5120,False,torch.bfloat16,torch.bfloat16,False,False
878,37888,5120,False,torch.bfloat16,torch.bfloat16,False,False
879,37888,5120,False,torch.bfloat16,torch.bfloat16,False,False
882,37888,5120,False,torch.bfloat16,torch.bfloat16,False,False
883,37888,5120,False,torch.bfloat16,torch.bfloat16,False,False
884,37888,5120,False,torch.bfloat16,torch.bfloat16,False,False
885,37888,5120,False,torch.bfloat16,torch.bfloat16,False,False
888,37888,5120,False,torch.bfloat16,torch.bfloat16,False,False
889,37888,5120,False,torch.bfloat16,torch.bfloat16,False,False
890,37888,5120,False,torch.bfloat16,torch.bfloat16,False,False
891,37888,5120,False,torch.bfloat16,torch.bfloat16,False,False
893,37888,5120,False,torch.bfloat16,torch.bfloat16,False,False
894,37888,5120,False,torch.bfloat16,torch.bfloat16,False,False
895,37888,5120,False,torch.bfloat16,torch.bfloat16,False,False
896,37888,5120,False,torch.bfloat16,torch.bfloat16,False,False
897,37888,5120,False,torch.bfloat16,torch.bfloat16,False,False
898,37888,5120,False,torch.bfloat16,torch.bfloat16,False,False
901,37888,5120,False,torch.bfloat16,torch.bfloat16,False,False
903,37888,5120,False,torch.bfloat16,torch.bfloat16,False,False
904,37888,5120,False,torch.bfloat16,torch.bfloat16,False,False
906,37888,5120,False,torch.bfloat16,torch.bfloat16,False,False
907,37888,5120,False,torch.bfloat16,torch.bfloat16,False,False
909,37888,5120,False,torch.bfloat16,torch.bfloat16,False,False
910,37888,5120,False,torch.bfloat16,torch.bfloat16,False,False
912,37888,5120,False,torch.bfloat16,torch.bfloat16,False,False
913,37888,5120,False,torch.bfloat16,torch.bfloat16,False,False
915,37888,5120,False,torch.bfloat16,torch.bfloat16,False,False
916,37888,5120,False,torch.bfloat16,torch.bfloat16,False,False
918,37888,5120,False,torch.bfloat16,torch.bfloat16,False,False
920,37888,5120,False,torch.bfloat16,torch.bfloat16,False,False
921,37888,5120,False,torch.bfloat16,torch.bfloat16,False,False
922,37888,5120,False,torch.bfloat16,torch.bfloat16,False,False
924,37888,5120,False,torch.bfloat16,torch.bfloat16,False,False
926,37888,5120,False,torch.bfloat16,torch.bfloat16,False,False
927,37888,5120,False,torch.bfloat16,torch.bfloat16,False,False
929,37888,5120,False,torch.bfloat16,torch.bfloat16,False,False
930,37888,5120,False,torch.bfloat16,torch.bfloat16,False,False
932,37888,5120,False,torch.bfloat16,torch.bfloat16,False,False
933,37888,5120,False,torch.bfloat16,torch.bfloat16,False,False
936,37888,5120,False,torch.bfloat16,torch.bfloat16,False,False
937,37888,5120,False,torch.bfloat16,torch.bfloat16,False,False
939,37888,5120,False,torch.bfloat16,torch.bfloat16,False,False
940,37888,5120,False,torch.bfloat16,torch.bfloat16,False,False
942,37888,5120,False,torch.bfloat16,torch.bfloat16,False,False
943,37888,5120,False,torch.bfloat16,torch.bfloat16,False,False
945,37888,5120,False,torch.bfloat16,torch.bfloat16,False,False
946,37888,5120,False,torch.bfloat16,torch.bfloat16,False,False
948,37888,5120,False,torch.bfloat16,torch.bfloat16,False,False
949,37888,5120,False,torch.bfloat16,torch.bfloat16,False,False
951,37888,5120,False,torch.bfloat16,torch.bfloat16,False,False
952,37888,5120,False,torch.bfloat16,torch.bfloat16,False,False
954,37888,5120,False,torch.bfloat16,torch.bfloat16,False,False
955,37888,5120,False,torch.bfloat16,torch.bfloat16,False,False
957,37888,5120,False,torch.bfloat16,torch.bfloat16,False,False
958,37888,5120,False,torch.bfloat16,torch.bfloat16,False,False
960,37888,5120,False,torch.bfloat16,torch.bfloat16,False,False
961,37888,5120,False,torch.bfloat16,torch.bfloat16,False,False
963,37888,5120,False,torch.bfloat16,torch.bfloat16,False,False
964,37888,5120,False,torch.bfloat16,torch.bfloat16,False,False
966,37888,5120,False,torch.bfloat16,torch.bfloat16,False,False
967,37888,5120,False,torch.bfloat16,torch.bfloat16,False,False
969,37888,5120,False,torch.bfloat16,torch.bfloat16,False,False
970,37888,5120,False,torch.bfloat16,torch.bfloat16,False,False
972,37888,5120,False,torch.bfloat16,torch.bfloat16,False,False
974,37888,5120,False,torch.bfloat16,torch.bfloat16,False,False
975,37888,5120,False,torch.bfloat16,torch.bfloat16,False,False
977,37888,5120,False,torch.bfloat16,torch.bfloat16,False,False
978,37888,5120,False,torch.bfloat16,torch.bfloat16,False,False
979,37888,5120,False,torch.bfloat16,torch.bfloat16,False,False
981,37888,5120,False,torch.bfloat16,torch.bfloat16,False,False
984,37888,5120,False,torch.bfloat16,torch.bfloat16,False,False
985,37888,5120,False,torch.bfloat16,torch.bfloat16,False,False
986,37888,5120,False,torch.bfloat16,torch.bfloat16,False,False
987,37888,5120,False,torch.bfloat16,torch.bfloat16,False,False
989,37888,5120,False,torch.bfloat16,torch.bfloat16,False,False
990,37888,5120,False,torch.bfloat16,torch.bfloat16,False,False
993,37888,5120,False,torch.bfloat16,torch.bfloat16,False,False
994,37888,5120,False,torch.bfloat16,torch.bfloat16,False,False
995,37888,5120,False,torch.bfloat16,torch.bfloat16,False,False
996,37888,5120,False,torch.bfloat16,torch.bfloat16,False,False
997,37888,5120,False,torch.bfloat16,torch.bfloat16,False,False
998,37888,5120,False,torch.bfloat16,torch.bfloat16,False,False
999,37888,5120,False,torch.bfloat16,torch.bfloat16,False,False
1000,37888,5120,False,torch.bfloat16,torch.bfloat16,False,False
1002,37888,5120,False,torch.bfloat16,torch.bfloat16,False,False
1003,37888,5120,False,torch.bfloat16,torch.bfloat16,False,False
1004,37888,5120,False,torch.bfloat16,torch.bfloat16,False,False
1005,37888,5120,False,torch.bfloat16,torch.bfloat16,False,False
1006,37888,5120,False,torch.bfloat16,torch.bfloat16,False,False
1007,37888,5120,False,torch.bfloat16,torch.bfloat16,False,False
1008,37888,5120,False,torch.bfloat16,torch.bfloat16,False,False
1009,37888,5120,False,torch.bfloat16,torch.bfloat16,False,False
1010,37888,5120,False,torch.bfloat16,torch.bfloat16,False,False
1011,37888,5120,False,torch.bfloat16,torch.bfloat16,False,False
1012,37888,5120,False,torch.bfloat16,torch.bfloat16,False,False
1013,37888,5120,False,torch.bfloat16,torch.bfloat16,False,False
1014,37888,5120,False,torch.bfloat16,torch.bfloat16,False,False
1015,37888,5120,False,torch.bfloat16,torch.bfloat16,False,False
1016,37888,5120,False,torch.bfloat16,torch.bfloat16,False,False
1017,37888,5120,False,torch.bfloat16,torch.bfloat16,False,False
1018,37888,5120,False,torch.bfloat16,torch.bfloat16,False,False
1019,37888,5120,False,torch.bfloat16,torch.bfloat16,False,False
1020,37888,5120,False,torch.bfloat16,torch.bfloat16,False,False
1021,37888,5120,False,torch.bfloat16,torch.bfloat16,False,False
1022,37888,5120,False,torch.bfloat16,torch.bfloat16,False,False
1023,37888,5120,False,torch.bfloat16,torch.bfloat16,False,False
1024,16,2048,False,torch.bfloat16,torch.bfloat16,False,False
1024,37888,5120,False,torch.bfloat16,torch.bfloat16,False,False
1025,37888,5120,False,torch.bfloat16,torch.bfloat16,False,False
1026,37888,5120,False,torch.bfloat16,torch.bfloat16,False,False
1027,37888,5120,False,torch.bfloat16,torch.bfloat16,False,False
1028,37888,5120,False,torch.bfloat16,torch.bfloat16,False,False
1029,37888,5120,False,torch.bfloat16,torch.bfloat16,False,False
1030,37888,5120,False,torch.bfloat16,torch.bfloat16,False,False
1031,37888,5120,False,torch.bfloat16,torch.bfloat16,False,False
1032,37888,5120,False,torch.bfloat16,torch.bfloat16,False,False
1033,37888,5120,False,torch.bfloat16,torch.bfloat16,False,False
1034,37888,5120,False,torch.bfloat16,torch.bfloat16,False,False
1035,37888,5120,False,torch.bfloat16,torch.bfloat16,False,False
1036,37888,5120,False,torch.bfloat16,torch.bfloat16,False,False
1037,37888,5120,False,torch.bfloat16,torch.bfloat16,False,False
1038,37888,5120,False,torch.bfloat16,torch.bfloat16,False,False
1039,37888,5120,False,torch.bfloat16,torch.bfloat16,False,False
1040,37888,5120,False,torch.bfloat16,torch.bfloat16,False,False
1041,37888,5120,False,torch.bfloat16,torch.bfloat16,False,False
1042,37888,5120,False,torch.bfloat16,torch.bfloat16,False,False
1043,37888,5120,False,torch.bfloat16,torch.bfloat16,False,False
1044,37888,5120,False,torch.bfloat16,torch.bfloat16,False,False
1045,37888,5120,False,torch.bfloat16,torch.bfloat16,False,False
1046,37888,5120,False,torch.bfloat16,torch.bfloat16,False,False
1047,37888,5120,False,torch.bfloat16,torch.bfloat16,False,False
1048,37888,5120,False,torch.bfloat16,torch.bfloat16,False,False
1049,37888,5120,False,torch.bfloat16,torch.bfloat16,False,False
1050,37888,5120,False,torch.bfloat16,torch.bfloat16,False,False
1051,37888,5120,False,torch.bfloat16,torch.bfloat16,False,False
1052,37888,5120,False,torch.bfloat16,torch.bfloat16,False,False
1053,37888,5120,False,torch.bfloat16,torch.bfloat16,False,False
1054,37888,5120,False,torch.bfloat16,torch.bfloat16,False,False
1055,37888,5120,False,torch.bfloat16,torch.bfloat16,False,False
1056,37888,5120,False,torch.bfloat16,torch.bfloat16,False,False
1057,37888,5120,False,torch.bfloat16,torch.bfloat16,False,False
1058,37888,5120,False,torch.bfloat16,torch.bfloat16,False,False
1059,37888,5120,False,torch.bfloat16,torch.bfloat16,False,False
1060,37888,5120,False,torch.bfloat16,torch.bfloat16,False,False
1061,37888,5120,False,torch.bfloat16,torch.bfloat16,False,False
1062,37888,5120,False,torch.bfloat16,torch.bfloat16,False,False
1063,37888,5120,False,torch.bfloat16,torch.bfloat16,False,False
1064,37888,5120,False,torch.bfloat16,torch.bfloat16,False,False
1065,37888,5120,False,torch.bfloat16,torch.bfloat16,False,False
1066,37888,5120,False,torch.bfloat16,torch.bfloat16,False,False
1067,37888,5120,False,torch.bfloat16,torch.bfloat16,False,False
1068,37888,5120,False,torch.bfloat16,torch.bfloat16,False,False
1069,37888,5120,False,torch.bfloat16,torch.bfloat16,False,False
1070,37888,5120,False,torch.bfloat16,torch.bfloat16,False,False
1071,37888,5120,False,torch.bfloat16,torch.bfloat16,False,False
1072,37888,5120,False,torch.bfloat16,torch.bfloat16,False,False
1073,37888,5120,False,torch.bfloat16,torch.bfloat16,False,False
1074,37888,5120,False,torch.bfloat16,torch.bfloat16,False,False
1075,37888,5120,False,torch.bfloat16,torch.bfloat16,False,False
1076,37888,5120,False,torch.bfloat16,torch.bfloat16,False,False
1077,37888,5120,False,torch.bfloat16,torch.bfloat16,False,False
1078,37888,5120,False,torch.bfloat16,torch.bfloat16,False,False
1079,37888,5120,False,torch.bfloat16,torch.bfloat16,False,False
1080,37888,5120,False,torch.bfloat16,torch.bfloat16,False,False
1081,37888,5120,False,torch.bfloat16,torch.bfloat16,False,False
1082,37888,5120,False,torch.bfloat16,torch.bfloat16,False,False
1083,37888,5120,False,torch.bfloat16,torch.bfloat16,False,False
1084,37888,5120,False,torch.bfloat16,torch.bfloat16,False,False
1085,37888,5120,False,torch.bfloat16,torch.bfloat16,False,False
1086,37888,5120,False,torch.bfloat16,torch.bfloat16,False,False
1087,37888,5120,False,torch.bfloat16,torch.bfloat16,False,False
1088,37888,5120,False,torch.bfloat16,torch.bfloat16,False,False
1089,37888,5120,False,torch.bfloat16,torch.bfloat16,False,False
1090,37888,5120,False,torch.bfloat16,torch.bfloat16,False,False
1091,37888,5120,False,torch.bfloat16,torch.bfloat16,False,False
1092,37888,5120,False,torch.bfloat16,torch.bfloat16,False,False
1093,37888,5120,False,torch.bfloat16,torch.bfloat16,False,False
1094,37888,5120,False,torch.bfloat16,torch.bfloat16,False,False
1095,37888,5120,False,torch.bfloat16,torch.bfloat16,False,False
1096,37888,5120,False,torch.bfloat16,torch.bfloat16,False,False
1097,37888,5120,False,torch.bfloat16,torch.bfloat16,False,False
1098,37888,5120,False,torch.bfloat16,torch.bfloat16,False,False
1099,37888,5120,False,torch.bfloat16,torch.bfloat16,False,False
1100,37888,5120,False,torch.bfloat16,torch.bfloat16,False,False
1101,37888,5120,False,torch.bfloat16,torch.bfloat16,False,False
1102,37888,5120,False,torch.bfloat16,torch.bfloat16,False,False
1103,37888,5120,False,torch.bfloat16,torch.bfloat16,False,False
1104,37888,5120,False,torch.bfloat16,torch.bfloat16,False,False
1105,37888,5120,False,torch.bfloat16,torch.bfloat16,False,False
1107,37888,5120,False,torch.bfloat16,torch.bfloat16,False,False
1108,37888,5120,False,torch.bfloat16,torch.bfloat16,False,False
1110,37888,5120,False,torch.bfloat16,torch.bfloat16,False,False
1111,37888,5120,False,torch.bfloat16,torch.bfloat16,False,False
1113,37888,5120,False,torch.bfloat16,torch.bfloat16,False,False
1114,37888,5120,False,torch.bfloat16,torch.bfloat16,False,False
1116,37888,5120,False,torch.bfloat16,torch.bfloat16,False,False
1119,37888,5120,False,torch.bfloat16,torch.bfloat16,False,False
1120,37888,5120,False,torch.bfloat16,torch.bfloat16,False,False
1122,37888,5120,False,torch.bfloat16,torch.bfloat16,False,False
1123,37888,5120,False,torch.bfloat16,torch.bfloat16,False,False
1125,37888,5120,False,torch.bfloat16,torch.bfloat16,False,False
1128,37888,5120,False,torch.bfloat16,torch.bfloat16,False,False
1129,37888,5120,False,torch.bfloat16,torch.bfloat16,False,False
1131,37888,5120,False,torch.bfloat16,torch.bfloat16,False,False
1138,37888,5120,False,torch.bfloat16,torch.bfloat16,False,False
1140,37888,5120,False,torch.bfloat16,torch.bfloat16,False,False
1141,37888,5120,False,torch.bfloat16,torch.bfloat16,False,False
1143,37888,5120,False,torch.bfloat16,torch.bfloat16,False,False
1146,37888,5120,False,torch.bfloat16,torch.bfloat16,False,False
1148,37888,5120,False,torch.bfloat16,torch.bfloat16,False,False
1149,37888,5120,False,torch.bfloat16,torch.bfloat16,False,False
1155,37888,5120,False,torch.bfloat16,torch.bfloat16,False,False
1157,37888,5120,False,torch.bfloat16,torch.bfloat16,False,False
1160,37888,5120,False,torch.bfloat16,torch.bfloat16,False,False
1161,37888,5120,False,torch.bfloat16,torch.bfloat16,False,False
1164,37888,5120,False,torch.bfloat16,torch.bfloat16,False,False
1167,37888,5120,False,torch.bfloat16,torch.bfloat16,False,False
1168,37888,5120,False,torch.bfloat16,torch.bfloat16,False,False
1170,37888,5120,False,torch.bfloat16,torch.bfloat16,False,False
1173,37888,5120,False,torch.bfloat16,torch.bfloat16,False,False
1176,37888,5120,False,torch.bfloat16,torch.bfloat16,False,False
1177,37888,5120,False,torch.bfloat16,torch.bfloat16,False,False
1180,37888,5120,False,torch.bfloat16,torch.bfloat16,False,False
1182,37888,5120,False,torch.bfloat16,torch.bfloat16,False,False
1185,37888,5120,False,torch.bfloat16,torch.bfloat16,False,False
1186,37888,5120,False,torch.bfloat16,torch.bfloat16,False,False
1188,37888,5120,False,torch.bfloat16,torch.bfloat16,False,False
1190,37888,5120,False,torch.bfloat16,torch.bfloat16,False,False
1191,37888,5120,False,torch.bfloat16,torch.bfloat16,False,False
1194,37888,5120,False,torch.bfloat16,torch.bfloat16,False,False
1195,37888,5120,False,torch.bfloat16,torch.bfloat16,False,False
1197,37888,5120,False,torch.bfloat16,torch.bfloat16,False,False
1198,37888,5120,False,torch.bfloat16,torch.bfloat16,False,False
1200,37888,5120,False,torch.bfloat16,torch.bfloat16,False,False
1203,37888,5120,False,torch.bfloat16,torch.bfloat16,False,False
1205,37888,5120,False,torch.bfloat16,torch.bfloat16,False,False
1209,37888,5120,False,torch.bfloat16,torch.bfloat16,False,False
1212,37888,5120,False,torch.bfloat16,torch.bfloat16,False,False
1214,37888,5120,False,torch.bfloat16,torch.bfloat16,False,False
1215,37888,5120,False,torch.bfloat16,torch.bfloat16,False,False
1217,37888,5120,False,torch.bfloat16,torch.bfloat16,False,False
1221,37888,5120,False,torch.bfloat16,torch.bfloat16,False,False
1224,37888,5120,False,torch.bfloat16,torch.bfloat16,False,False
1225,37888,5120,False,torch.bfloat16,torch.bfloat16,False,False
1230,37888,5120,False,torch.bfloat16,torch.bfloat16,False,False
1233,37888,5120,False,torch.bfloat16,torch.bfloat16,False,False
1234,37888,5120,False,torch.bfloat16,torch.bfloat16,False,False
1236,37888,5120,False,torch.bfloat16,torch.bfloat16,False,False
1237,37888,5120,False,torch.bfloat16,torch.bfloat16,False,False
1239,37888,5120,False,torch.bfloat16,torch.bfloat16,False,False
1242,37888,5120,False,torch.bfloat16,torch.bfloat16,False,False
1243,37888,5120,False,torch.bfloat16,torch.bfloat16,False,False
1245,37888,5120,False,torch.bfloat16,torch.bfloat16,False,False
1248,37888,5120,False,torch.bfloat16,torch.bfloat16,False,False
1251,37888,5120,False,torch.bfloat16,torch.bfloat16,False,False
1252,37888,5120,False,torch.bfloat16,torch.bfloat16,False,False
1254,37888,5120,False,torch.bfloat16,torch.bfloat16,False,False
1255,37888,5120,False,torch.bfloat16,torch.bfloat16,False,False
1257,37888,5120,False,torch.bfloat16,torch.bfloat16,False,False
1260,37888,5120,False,torch.bfloat16,torch.bfloat16,False,False
1262,37888,5120,False,torch.bfloat16,torch.bfloat16,False,False
1263,37888,5120,False,torch.bfloat16,torch.bfloat16,False,False
1266,37888,5120,False,torch.bfloat16,torch.bfloat16,False,False
1269,37888,5120,False,torch.bfloat16,torch.bfloat16,False,False
1271,37888,5120,False,torch.bfloat16,torch.bfloat16,False,False
1272,37888,5120,False,torch.bfloat16,torch.bfloat16,False,False
1274,37888,5120,False,torch.bfloat16,torch.bfloat16,False,False
1275,37888,5120,False,torch.bfloat16,torch.bfloat16,False,False
1277,37888,5120,False,torch.bfloat16,torch.bfloat16,False,False
1278,37888,5120,False,torch.bfloat16,torch.bfloat16,False,False
1281,37888,5120,False,torch.bfloat16,torch.bfloat16,False,False
1282,37888,5120,False,torch.bfloat16,torch.bfloat16,False,False
1284,37888,5120,False,torch.bfloat16,torch.bfloat16,False,False
1287,37888,5120,False,torch.bfloat16,torch.bfloat16,False,False
1289,37888,5120,False,torch.bfloat16,torch.bfloat16,False,False
1290,37888,5120,False,torch.bfloat16,torch.bfloat16,False,False
1291,37888,5120,False,torch.bfloat16,torch.bfloat16,False,False
1292,37888,5120,False,torch.bfloat16,torch.bfloat16,False,False
1293,37888,5120,False,torch.bfloat16,torch.bfloat16,False,False
1294,37888,5120,False,torch.bfloat16,torch.bfloat16,False,False
1299,37888,5120,False,torch.bfloat16,torch.bfloat16,False,False
1300,37888,5120,False,torch.bfloat16,torch.bfloat16,False,False
1302,37888,5120,False,torch.bfloat16,torch.bfloat16,False,False
1305,37888,5120,False,torch.bfloat16,torch.bfloat16,False,False
1308,37888,5120,False,torch.bfloat16,torch.bfloat16,False,False
1309,37888,5120,False,torch.bfloat16,torch.bfloat16,False,False
1311,37888,5120,False,torch.bfloat16,torch.bfloat16,False,False
1312,37888,5120,False,torch.bfloat16,torch.bfloat16,False,False
1314,37888,5120,False,torch.bfloat16,torch.bfloat16,False,False
1316,37888,5120,False,torch.bfloat16,torch.bfloat16,False,False
1317,37888,5120,False,torch.bfloat16,torch.bfloat16,False,False
1318,37888,5120,False,torch.bfloat16,torch.bfloat16,False,False
1319,37888,5120,False,torch.bfloat16,torch.bfloat16,False,False
1320,37888,5120,False,torch.bfloat16,torch.bfloat16,False,False
1323,37888,5120,False,torch.bfloat16,torch.bfloat16,False,False
1326,37888,5120,False,torch.bfloat16,torch.bfloat16,False,False
1327,37888,5120,False,torch.bfloat16,torch.bfloat16,False,False
1328,37888,5120,False,torch.bfloat16,torch.bfloat16,False,False
1329,37888,5120,False,torch.bfloat16,torch.bfloat16,False,False
1330,37888,5120,False,torch.bfloat16,torch.bfloat16,False,False
1331,37888,5120,False,torch.bfloat16,torch.bfloat16,False,False
1332,37888,5120,False,torch.bfloat16,torch.bfloat16,False,False
1335,37888,5120,False,torch.bfloat16,torch.bfloat16,False,False
1337,37888,5120,False,torch.bfloat16,torch.bfloat16,False,False
1338,37888,5120,False,torch.bfloat16,torch.bfloat16,False,False
1339,37888,5120,False,torch.bfloat16,torch.bfloat16,False,False
1340,37888,5120,False,torch.bfloat16,torch.bfloat16,False,False
1341,37888,5120,False,torch.bfloat16,torch.bfloat16,False,False
1344,37888,5120,False,torch.bfloat16,torch.bfloat16,False,False
1346,37888,5120,False,torch.bfloat16,torch.bfloat16,False,False
1347,37888,5120,False,torch.bfloat16,torch.bfloat16,False,False
1348,37888,5120,False,torch.bfloat16,torch.bfloat16,False,False
1349,37888,5120,False,torch.bfloat16,torch.bfloat16,False,False
1350,37888,5120,False,torch.bfloat16,torch.bfloat16,False,False
1352,37888,5120,False,torch.bfloat16,torch.bfloat16,False,False
1353,37888,5120,False,torch.bfloat16,torch.bfloat16,False,False
1355,37888,5120,False,torch.bfloat16,torch.bfloat16,False,False
1356,37888,5120,False,torch.bfloat16,torch.bfloat16,False,False
1357,37888,5120,False,torch.bfloat16,torch.bfloat16,False,False
1358,37888,5120,False,torch.bfloat16,torch.bfloat16,False,False
1359,37888,5120,False,torch.bfloat16,torch.bfloat16,False,False
1360,37888,5120,False,torch.bfloat16,torch.bfloat16,False,False
1362,37888,5120,False,torch.bfloat16,torch.bfloat16,False,False
1364,37888,5120,False,torch.bfloat16,torch.bfloat16,False,False
1365,37888,5120,False,torch.bfloat16,torch.bfloat16,False,False
1366,37888,5120,False,torch.bfloat16,torch.bfloat16,False,False
1367,37888,5120,False,torch.bfloat16,torch.bfloat16,False,False
1368,37888,5120,False,torch.bfloat16,torch.bfloat16,False,False
1369,37888,5120,False,torch.bfloat16,torch.bfloat16,False,False
1370,37888,5120,False,torch.bfloat16,torch.bfloat16,False,False
1371,37888,5120,False,torch.bfloat16,torch.bfloat16,False,False
1374,37888,5120,False,torch.bfloat16,torch.bfloat16,False,False
1375,37888,5120,False,torch.bfloat16,torch.bfloat16,False,False
1376,37888,5120,False,torch.bfloat16,torch.bfloat16,False,False
1377,37888,5120,False,torch.bfloat16,torch.bfloat16,False,False
1379,37888,5120,False,torch.bfloat16,torch.bfloat16,False,False
1380,37888,5120,False,torch.bfloat16,torch.bfloat16,False,False
1381,37888,5120,False,torch.bfloat16,torch.bfloat16,False,False
1382,37888,5120,False,torch.bfloat16,torch.bfloat16,False,False
1383,37888,5120,False,torch.bfloat16,torch.bfloat16,False,False
1384,37888,5120,False,torch.bfloat16,torch.bfloat16,False,False
1385,37888,5120,False,torch.bfloat16,torch.bfloat16,False,False
1386,37888,5120,False,torch.bfloat16,torch.bfloat16,False,False
1387,37888,5120,False,torch.bfloat16,torch.bfloat16,False,False
1388,37888,5120,False,torch.bfloat16,torch.bfloat16,False,False
1391,37888,5120,False,torch.bfloat16,torch.bfloat16,False,False
1392,37888,5120,False,torch.bfloat16,torch.bfloat16,False,False
1393,37888,5120,False,torch.bfloat16,torch.bfloat16,False,False
1394,37888,5120,False,torch.bfloat16,torch.bfloat16,False,False
1395,37888,5120,False,torch.bfloat16,torch.bfloat16,False,False
1396,37888,5120,False,torch.bfloat16,torch.bfloat16,False,False
1397,37888,5120,False,torch.bfloat16,torch.bfloat16,False,False
1398,37888,5120,False,torch.bfloat16,torch.bfloat16,False,False
1399,37888,5120,False,torch.bfloat16,torch.bfloat16,False,False
1400,37888,5120,False,torch.bfloat16,torch.bfloat16,False,False
1401,37888,5120,False,torch.bfloat16,torch.bfloat16,False,False
1402,37888,5120,False,torch.bfloat16,torch.bfloat16,False,False
1403,37888,5120,False,torch.bfloat16,torch.bfloat16,False,False
1404,37888,5120,False,torch.bfloat16,torch.bfloat16,False,False
1405,37888,5120,False,torch.bfloat16,torch.bfloat16,False,False
1406,37888,5120,False,torch.bfloat16,torch.bfloat16,False,False
1407,37888,5120,False,torch.bfloat16,torch.bfloat16,False,False
1408,37888,5120,False,torch.bfloat16,torch.bfloat16,False,False
1409,37888,5120,False,torch.bfloat16,torch.bfloat16,False,False
1410,37888,5120,False,torch.bfloat16,torch.bfloat16,False,False
1411,37888,5120,False,torch.bfloat16,torch.bfloat16,False,False
1413,37888,5120,False,torch.bfloat16,torch.bfloat16,False,False
1414,37888,5120,False,torch.bfloat16,torch.bfloat16,False,False
1415,37888,5120,False,torch.bfloat16,torch.bfloat16,False,False
1416,37888,5120,False,torch.bfloat16,torch.bfloat16,False,False
1418,37888,5120,False,torch.bfloat16,torch.bfloat16,False,False
1419,37888,5120,False,torch.bfloat16,torch.bfloat16,False,False
1420,37888,5120,False,torch.bfloat16,torch.bfloat16,False,False
1422,37888,5120,False,torch.bfloat16,torch.bfloat16,False,False
1423,37888,5120,False,torch.bfloat16,torch.bfloat16,False,False
1424,37888,5120,False,torch.bfloat16,torch.bfloat16,False,False
1425,37888,5120,False,torch.bfloat16,torch.bfloat16,False,False
1426,37888,5120,False,torch.bfloat16,torch.bfloat16,False,False
1427,37888,5120,False,torch.bfloat16,torch.bfloat16,False,False
1428,37888,5120,False,torch.bfloat16,torch.bfloat16,False,False
1429,37888,5120,False,torch.bfloat16,torch.bfloat16,False,False
1430,37888,5120,False,torch.bfloat16,torch.bfloat16,False,False
1431,37888,5120,False,torch.bfloat16,torch.bfloat16,False,False
1432,37888,5120,False,torch.bfloat16,torch.bfloat16,False,False
1433,37888,5120,False,torch.bfloat16,torch.bfloat16,False,False
1434,37888,5120,False,torch.bfloat16,torch.bfloat16,False,False
1435,37888,5120,False,torch.bfloat16,torch.bfloat16,False,False
1436,37888,5120,False,torch.bfloat16,torch.bfloat16,False,False
1437,37888,5120,False,torch.bfloat16,torch.bfloat16,False,False
1438,37888,5120,False,torch.bfloat16,torch.bfloat16,False,False
1440,37888,5120,False,torch.bfloat16,torch.bfloat16,False,False
1441,37888,5120,False,torch.bfloat16,torch.bfloat16,False,False
1443,37888,5120,False,torch.bfloat16,torch.bfloat16,False,False
1444,37888,5120,False,torch.bfloat16,torch.bfloat16,False,False
1445,37888,5120,False,torch.bfloat16,torch.bfloat16,False,False
1446,37888,5120,False,torch.bfloat16,torch.bfloat16,False,False
1447,37888,5120,False,torch.bfloat16,torch.bfloat16,False,False
1448,37888,5120,False,torch.bfloat16,torch.bfloat16,False,False
1449,37888,5120,False,torch.bfloat16,torch.bfloat16,False,False
1451,37888,5120,False,torch.bfloat16,torch.bfloat16,False,False
1452,37888,5120,False,torch.bfloat16,torch.bfloat16,False,False
1453,37888,5120,False,torch.bfloat16,torch.bfloat16,False,False
1454,37888,5120,False,torch.bfloat16,torch.bfloat16,False,False
1455,37888,5120,False,torch.bfloat16,torch.bfloat16,False,False
1456,37888,5120,False,torch.bfloat16,torch.bfloat16,False,False
1457,37888,5120,False,torch.bfloat16,torch.bfloat16,False,False
1458,37888,5120,False,torch.bfloat16,torch.bfloat16,False,False
1459,37888,5120,False,torch.bfloat16,torch.bfloat16,False,False
1460,37888,5120,False,torch.bfloat16,torch.bfloat16,False,False
1461,37888,5120,False,torch.bfloat16,torch.bfloat16,False,False
1462,37888,5120,False,torch.bfloat16,torch.bfloat16,False,False
1463,37888,5120,False,torch.bfloat16,torch.bfloat16,False,False
1464,37888,5120,False,torch.bfloat16,torch.bfloat16,False,False
1465,37888,5120,False,torch.bfloat16,torch.bfloat16,False,False
1466,37888,5120,False,torch.bfloat16,torch.bfloat16,False,False
1467,37888,5120,False,torch.bfloat16,torch.bfloat16,False,False
1468,37888,5120,False,torch.bfloat16,torch.bfloat16,False,False
1469,37888,5120,False,torch.bfloat16,torch.bfloat16,False,False
1470,37888,5120,False,torch.bfloat16,torch.bfloat16,False,False
1471,37888,5120,False,torch.bfloat16,torch.bfloat16,False,False
1472,37888,5120,False,torch.bfloat16,torch.bfloat16,False,False
1473,37888,5120,False,torch.bfloat16,torch.bfloat16,False,False
1474,37888,5120,False,torch.bfloat16,torch.bfloat16,False,False
1475,37888,5120,False,torch.bfloat16,torch.bfloat16,False,False
1476,37888,5120,False,torch.bfloat16,torch.bfloat16,False,False
1477,37888,5120,False,torch.bfloat16,torch.bfloat16,False,False
1478,37888,5120,False,torch.bfloat16,torch.bfloat16,False,False
1479,37888,5120,False,torch.bfloat16,torch.bfloat16,False,False
1480,37888,5120,False,torch.bfloat16,torch.bfloat16,False,False
1481,37888,5120,False,torch.bfloat16,torch.bfloat16,False,False
1482,37888,5120,False,torch.bfloat16,torch.bfloat16,False,False
1483,37888,5120,False,torch.bfloat16,torch.bfloat16,False,False
1484,37888,5120,False,torch.bfloat16,torch.bfloat16,False,False
1485,37888,5120,False,torch.bfloat16,torch.bfloat16,False,False
1486,37888,5120,False,torch.bfloat16,torch.bfloat16,False,False
1487,37888,5120,False,torch.bfloat16,torch.bfloat16,False,False
1488,37888,5120,False,torch.bfloat16,torch.bfloat16,False,False
1489,37888,5120,False,torch.bfloat16,torch.bfloat16,False,False
1490,37888,5120,False,torch.bfloat16,torch.bfloat16,False,False
1491,37888,5120,False,torch.bfloat16,torch.bfloat16,False,False
1492,37888,5120,False,torch.bfloat16,torch.bfloat16,False,False
1493,37888,5120,False,torch.bfloat16,torch.bfloat16,False,False
1494,37888,5120,False,torch.bfloat16,torch.bfloat16,False,False
1495,37888,5120,False,torch.bfloat16,torch.bfloat16,False,False
1496,37888,5120,False,torch.bfloat16,torch.bfloat16,False,False
1497,37888,5120,False,torch.bfloat16,torch.bfloat16,False,False
1498,37888,5120,False,torch.bfloat16,torch.bfloat16,False,False
1499,37888,5120,False,torch.bfloat16,torch.bfloat16,False,False
1500,37888,5120,False,torch.bfloat16,torch.bfloat16,False,False
1501,37888,5120,False,torch.bfloat16,torch.bfloat16,False,False
1502,37888,5120,False,torch.bfloat16,torch.bfloat16,False,False
1503,37888,5120,False,torch.bfloat16,torch.bfloat16,False,False
1504,37888,5120,False,torch.bfloat16,torch.bfloat16,False,False
1505,37888,5120,False,torch.bfloat16,torch.bfloat16,False,False
1506,37888,5120,False,torch.bfloat16,torch.bfloat16,False,False
1507,37888,5120,False,torch.bfloat16,torch.bfloat16,False,False
1508,37888,5120,False,torch.bfloat16,torch.bfloat16,False,False
1509,37888,5120,False,torch.bfloat16,torch.bfloat16,False,False
1510,37888,5120,False,torch.bfloat16,torch.bfloat16,False,False
1511,37888,5120,False,torch.bfloat16,torch.bfloat16,False,False
1512,37888,5120,False,torch.bfloat16,torch.bfloat16,False,False
1513,37888,5120,False,torch.bfloat16,torch.bfloat16,False,False
1514,37888,5120,False,torch.bfloat16,torch.bfloat16,False,False
1515,37888,5120,False,torch.bfloat16,torch.bfloat16,False,False
1516,37888,5120,False,torch.bfloat16,torch.bfloat16,False,False
1517,37888,5120,False,torch.bfloat16,torch.bfloat16,False,False
1518,37888,5120,False,torch.bfloat16,torch.bfloat16,False,False
1519,37888,5120,False,torch.bfloat16,torch.bfloat16,False,False
1520,37888,5120,False,torch.bfloat16,torch.bfloat16,False,False
1521,37888,5120,False,torch.bfloat16,torch.bfloat16,False,False
1522,37888,5120,False,torch.bfloat16,torch.bfloat16,False,False
1523,37888,5120,False,torch.bfloat16,torch.bfloat16,False,False
1524,37888,5120,False,torch.bfloat16,torch.bfloat16,False,False
1525,37888,5120,False,torch.bfloat16,torch.bfloat16,False,False
1526,37888,5120,False,torch.bfloat16,torch.bfloat16,False,False
1527,37888,5120,False,torch.bfloat16,torch.bfloat16,False,False
1528,37888,5120,False,torch.bfloat16,torch.bfloat16,False,False
1529,37888,5120,False,torch.bfloat16,torch.bfloat16,False,False
1530,37888,5120,False,torch.bfloat16,torch.bfloat16,False,False
1531,37888,5120,False,torch.bfloat16,torch.bfloat16,False,False
1532,37888,5120,False,torch.bfloat16,torch.bfloat16,False,False
1533,37888,5120,False,torch.bfloat16,torch.bfloat16,False,False
1534,37888,5120,False,torch.bfloat16,torch.bfloat16,False,False
1536,37888,5120,False,torch.bfloat16,torch.bfloat16,False,False
2048,37888,5120,False,torch.bfloat16,torch.bfloat16,False,False
3073,16,2048,False,torch.bfloat16,torch.bfloat16,False,False
8192,16,2048,False,torch.bfloat16,torch.bfloat16,False,False
